-- phpMyAdmin SQL Dump
-- version 5.2.1
-- https://www.phpmyadmin.net/
--
-- Servidor: 127.0.0.1
-- Tiempo de generación: 11-07-2025 a las 09:21:26
-- Versión del servidor: 10.4.32-MariaDB
-- Versión de PHP: 8.2.12

SET SQL_MODE = "NO_AUTO_VALUE_ON_ZERO";
START TRANSACTION;
SET time_zone = "+00:00";


/*!40101 SET @OLD_CHARACTER_SET_CLIENT=@@CHARACTER_SET_CLIENT */;
/*!40101 SET @OLD_CHARACTER_SET_RESULTS=@@CHARACTER_SET_RESULTS */;
/*!40101 SET @OLD_COLLATION_CONNECTION=@@COLLATION_CONNECTION */;
/*!40101 SET NAMES utf8mb4 */;

--
-- Base de datos: `proyectox`
--

-- --------------------------------------------------------

--
-- Estructura de tabla para la tabla `capitulos`
--

CREATE TABLE `capitulos` (
  `id` bigint(20) NOT NULL,
  `titulo` varchar(255) NOT NULL,
  `contenido` text DEFAULT NULL,
  `curso_id` bigint(20) DEFAULT NULL
) ENGINE=InnoDB DEFAULT CHARSET=utf8mb4 COLLATE=utf8mb4_general_ci;

--
-- Volcado de datos para la tabla `capitulos`
--

INSERT INTO `capitulos` (`id`, `titulo`, `contenido`, `curso_id`) VALUES
(4, 'Capitulo 1: Aprender a Usar Gamma IA con Inteligencia Artificial', '<p dir=\"ltr\" data-pm-slice=\"1 3 []\"><span style=\"font-family: \'comic sans ms\', sans-serif;\">&iexcl;Hola, chicos y chicas! Vamos a embarcarnos en una aventura s&uacute;per divertida donde usaremos la <strong>inteligencia artificial (IA)</strong> para crear presentaciones incre&iacute;bles con una herramienta llamada <strong>Gamma IA</strong>. Otra IA, que est&aacute; en la aplicaci&oacute;n de tu profe, te guiar&aacute; en cada paso. &iexcl;Prep&aacute;rate para ser un creador de presentaciones y aprender c&oacute;mo la IA puede ayudarte!</span></p>\r\n<hr>\r\n<h2 dir=\"ltr\"><span style=\"font-family: \'comic sans ms\', sans-serif;\">Actividad 1: &iexcl;Descubre qu&eacute; es Gamma IA!</span></h2>\r\n<p dir=\"ltr\"><span style=\"font-family: \'comic sans ms\', sans-serif;\"><strong>Objetivo:</strong> Entender qu&eacute; es Gamma IA y c&oacute;mo la IA puede ayudarnos a crear presentaciones.</span></p>\r\n<ol dir=\"ltr\">\r\n<li style=\"font-family: \'comic sans ms\', sans-serif;\">\r\n<p dir=\"ltr\" style=\"text-align: justify;\"><span style=\"font-family: \'comic sans ms\', sans-serif;\"><strong>Pregunta a la IA gu&iacute;a:</strong></span><br><span style=\"font-family: \'comic sans ms\', sans-serif;\">P&iacute;dele a la IA de la aplicaci&oacute;n:</span><br><span style=\"font-family: \'comic sans ms\', sans-serif;\"><em>\"</em>&iquest;Qu&eacute; es Gamma IA y c&oacute;mo puede ayudarme a hacer una presentaci&oacute;n?<em>\"</em></span><br><span style=\"font-family: \'comic sans ms\', sans-serif;\">Escucha la respuesta y escribe en una hoja o en tu cuaderno:</span></p>\r\n<ul class=\"tight\" data-tight=\"true\" dir=\"ltr\">\r\n<li style=\"text-align: justify; font-family: \'comic sans ms\', sans-serif;\">\r\n<p dir=\"ltr\"><span style=\"font-family: \'comic sans ms\', sans-serif;\">Una cosa que hace Gamma IA.</span></p>\r\n</li>\r\n<li style=\"font-family: \'comic sans ms\', sans-serif;\">\r\n<p dir=\"ltr\" style=\"text-align: justify;\"><span style=\"font-family: \'comic sans ms\', sans-serif;\">Por qu&eacute; crees que usar IA para presentaciones es &uacute;til.</span></p>\r\n</li>\r\n</ul>\r\n</li>\r\n<li style=\"font-family: \'comic sans ms\', sans-serif;\">\r\n<p dir=\"ltr\" style=\"text-align: justify;\"><span style=\"font-family: \'comic sans ms\', sans-serif;\"><strong>Juego interactivo: La m&aacute;quina de ideas</strong></span><br><span style=\"font-family: \'comic sans ms\', sans-serif;\">Imagina que la IA es una \"m&aacute;quina m&aacute;gica\" que crea ideas. Pregunta a sparky:</span><br><span style=\"font-family: \'comic sans ms\', sans-serif;\"><em>\"</em>Dame 3 ideas de temas para una presentaci&oacute;n divertida que pueda hacer con Gamma IA.<em>\"</em></span><br><span style=\"font-family: \'comic sans ms\', sans-serif;\">Elige uno de los temas que te d&eacute; la IA (por ejemplo, \"Los animales m&aacute;s raros del mundo\" o \"Mi planeta favorito\"). &iexcl;Este ser&aacute; el tema de tu presentaci&oacute;n en las pr&oacute;ximas actividades!</span></p>\r\n</li>\r\n</ol>', 1),
(5, 'Como usar Claude VPN ', '<p style=\"text-align: left;\">&nbsp;</p>\r\n<p class=\"ds-markdown-paragraph\"><span style=\"font-family: \'comic sans ms\', sans-serif;\"><strong>Definici&oacute;n extensa de Claude IA</strong></span></p>\r\n<p class=\"ds-markdown-paragraph\"><span style=\"font-family: \'comic sans ms\', sans-serif;\">Claude es un modelo avanzado de inteligencia artificial (IA) desarrollado por&nbsp;<strong>Anthropic</strong>, una empresa fundada en 2021 por exmiembros de OpenAI, con un enfoque en &eacute;tica, seguridad y alineaci&oacute;n con valores humanos<span class=\"ds-markdown-cite\">2</span><span class=\"ds-markdown-cite\">8</span>. Es un&nbsp;<strong>asistente conversacional</strong>&nbsp;basado en grandes modelos de lenguaje (LLM, por sus siglas en ingl&eacute;s) dise&ntilde;ado para tareas que requieren comprensi&oacute;n, generaci&oacute;n y an&aacute;lisis de texto, razonamiento complejo, programaci&oacute;n y procesamiento multimodal (texto e im&aacute;genes)<span class=\"ds-markdown-cite\">1</span><span class=\"ds-markdown-cite\">7</span>.</span></p>\r\n<h3><span style=\"font-family: \'comic sans ms\', sans-serif;\"><strong>Origen y evoluci&oacute;n</strong></span></h3>\r\n<p class=\"ds-markdown-paragraph\"><span style=\"font-family: \'comic sans ms\', sans-serif;\">Claude fue nombrado en honor al matem&aacute;tico&nbsp;<strong>Claude Shannon</strong>, pionero de la teor&iacute;a de la informaci&oacute;n. Su desarrollo comenz&oacute; con versiones cerradas en 2022 y se lanz&oacute; al p&uacute;blico en 2023. La familia de modelos incluye:</span></p>\r\n<ul>\r\n<li style=\"font-family: \'comic sans ms\', sans-serif;\">\r\n<p class=\"ds-markdown-paragraph\"><span style=\"font-family: \'comic sans ms\', sans-serif;\"><strong>Claude 3</strong>&nbsp;(2024): Con variantes como&nbsp;<em>Opus</em>&nbsp;(m&aacute;xima capacidad),&nbsp;<em>Sonnet</em>&nbsp;(equilibrio rendimiento-coste) y&nbsp;<em>Haiku</em>&nbsp;(velocidad)<span class=\"ds-markdown-cite\">2</span><span class=\"ds-markdown-cite\">6</span>.</span></p>\r\n</li>\r\n<li style=\"font-family: \'comic sans ms\', sans-serif;\">\r\n<p class=\"ds-markdown-paragraph\"><span style=\"font-family: \'comic sans ms\', sans-serif;\"><strong>Claude 3.5 Sonnet</strong>&nbsp;(2025): Introduce opciones de respuesta r&aacute;pida o detallada y herramientas como&nbsp;<em>Claude Code</em>&nbsp;para desarrollo<span class=\"ds-markdown-cite\">4</span><span class=\"ds-markdown-cite\">8</span>.</span></p>\r\n</li>\r\n</ul>\r\n<h3><span style=\"font-family: \'comic sans ms\', sans-serif;\"><strong>Caracter&iacute;sticas clave</strong></span></h3>\r\n<ol start=\"1\">\r\n<li style=\"font-family: \'comic sans ms\', sans-serif;\">\r\n<p class=\"ds-markdown-paragraph\"><span style=\"font-family: \'comic sans ms\', sans-serif;\"><strong>IA Constitucional</strong>:</span></p>\r\n<ul>\r\n<li style=\"font-family: \'comic sans ms\', sans-serif;\">\r\n<p class=\"ds-markdown-paragraph\"><span style=\"font-family: \'comic sans ms\', sans-serif;\">Sigue principios &eacute;ticos inspirados en derechos humanos para minimizar sesgos, desinformaci&oacute;n y respuestas da&ntilde;inas<span class=\"ds-markdown-cite\">2</span><span class=\"ds-markdown-cite\">8</span>.</span></p>\r\n</li>\r\n</ul>\r\n</li>\r\n<li>\r\n<p class=\"ds-markdown-paragraph\"><span style=\"font-family: \'comic sans ms\', sans-serif;\"><strong>Capacidades t&eacute;cnicas</strong>:</span></p>\r\n<ul>\r\n<li>\r\n<p class=\"ds-markdown-paragraph\"><span style=\"font-family: \'comic sans ms\', sans-serif;\"><strong>Ventana de contexto ampliada</strong>: Procesa hasta&nbsp;<strong>1 mill&oacute;n de tokens</strong>&nbsp;(fragmentos de texto), ideal para documentos largos<span class=\"ds-markdown-cite\">4</span><span class=\"ds-markdown-cite\">6</span>.</span></p>\r\n</li>\r\n<li style=\"font-family: \'comic sans ms\', sans-serif;\">\r\n<p class=\"ds-markdown-paragraph\"><span style=\"font-family: \'comic sans ms\', sans-serif;\"><strong>Razonamiento avanzado</strong>: Destaca en matem&aacute;ticas, programaci&oacute;n y detecci&oacute;n de anomal&iacute;as contextuales<span class=\"ds-markdown-cite\">6</span><span class=\"ds-markdown-cite\">7</span>.</span></p>\r\n</li>\r\n<li style=\"font-family: \'comic sans ms\', sans-serif;\">\r\n<p class=\"ds-markdown-paragraph\"><span style=\"font-family: \'comic sans ms\', sans-serif;\"><strong>Multimodalidad</strong>: Analiza texto e im&aacute;genes (p. ej., extracci&oacute;n de datos de gr&aacute;ficos)<span class=\"ds-markdown-cite\">2</span><span class=\"ds-markdown-cite\">8</span>.</span></p>\r\n</li>\r\n</ul>\r\n</li>\r\n<li style=\"font-family: \'comic sans ms\', sans-serif;\">\r\n<p class=\"ds-markdown-paragraph\"><span style=\"font-family: \'comic sans ms\', sans-serif;\"><strong>Diferenciadores frente a otros modelos</strong>:</span></p>\r\n<ul>\r\n<li style=\"font-family: \'comic sans ms\', sans-serif;\">\r\n<p class=\"ds-markdown-paragraph\"><span style=\"font-family: \'comic sans ms\', sans-serif;\">Menor tendencia a \"alucinaciones\" (respuestas inventadas)<span class=\"ds-markdown-cite\">7</span>.</span></p>\r\n</li>\r\n<li style=\"font-family: \'comic sans ms\', sans-serif;\">\r\n<p class=\"ds-markdown-paragraph\"><span style=\"font-family: \'comic sans ms\', sans-serif;\">Interfaz intuitiva y adaptabilidad a necesidades diversas (desde chatbots hasta an&aacute;lisis financieros)<span class=\"ds-markdown-cite\">9</span>.</span></p>\r\n</li>\r\n</ul>\r\n</li>\r\n</ol>\r\n<h3><span style=\"font-family: \'comic sans ms\', sans-serif;\"><strong>Aplicaciones</strong></span></h3>\r\n<p class=\"ds-markdown-paragraph\"><span style=\"font-family: \'comic sans ms\', sans-serif;\">Claude se utiliza en sectores como:</span></p>\r\n<ul>\r\n<li style=\"font-family: \'comic sans ms\', sans-serif;\">\r\n<p class=\"ds-markdown-paragraph\"><span style=\"font-family: \'comic sans ms\', sans-serif;\"><strong>Desarrollo de software</strong>: Generaci&oacute;n y depuraci&oacute;n de c&oacute;digo<span class=\"ds-markdown-cite\">7</span><span class=\"ds-markdown-cite\">8</span>.</span></p>\r\n</li>\r\n<li style=\"font-family: \'comic sans ms\', sans-serif;\">\r\n<p class=\"ds-markdown-paragraph\"><span style=\"font-family: \'comic sans ms\', sans-serif;\"><strong>Marketing</strong>: Creaci&oacute;n de contenido, an&aacute;lisis de datos y personalizaci&oacute;n de campa&ntilde;as<span class=\"ds-markdown-cite\">7</span>.</span></p>\r\n</li>\r\n<li style=\"font-family: \'comic sans ms\', sans-serif;\">\r\n<p class=\"ds-markdown-paragraph\"><span style=\"font-family: \'comic sans ms\', sans-serif;\"><strong>Educaci&oacute;n</strong>: Res&uacute;menes, explicaci&oacute;n de conceptos y tutor&iacute;a<span class=\"ds-markdown-cite\">9</span>.</span></p>\r\n</li>\r\n<li style=\"font-family: \'comic sans ms\', sans-serif;\">\r\n<p class=\"ds-markdown-paragraph\"><span style=\"font-family: \'comic sans ms\', sans-serif;\"><strong>Atenci&oacute;n al cliente</strong>: Chatbots con respuestas coherentes y seguras<span class=\"ds-markdown-cite\">2</span>.</span></p>\r\n</li>\r\n</ul>\r\n<h3><span style=\"font-family: \'comic sans ms\', sans-serif;\"><strong>Accesibilidad y modelos de negocio</strong></span></h3>\r\n<p class=\"ds-markdown-paragraph\"><span style=\"font-family: \'comic sans ms\', sans-serif;\">Ofrece versiones&nbsp;<strong>gratuitas</strong>&nbsp;(con l&iacute;mites) y de pago (API escalable), con precios variables seg&uacute;n el modelo (p. ej.,&nbsp;<em>Opus</em>&nbsp;cuesta $15 por mill&oacute;n de tokens de entrada)<span class=\"ds-markdown-cite\">6</span><span class=\"ds-markdown-cite\">8</span>.</span></p>\r\n<h3><span style=\"font-family: \'comic sans ms\', sans-serif;\"><strong>Impacto y &eacute;tica</strong></span></h3>\r\n<p class=\"ds-markdown-paragraph\"><span style=\"font-family: \'comic sans ms\', sans-serif;\">Claude ha influido en la industria al demostrar que es posible combinar&nbsp;<strong>alto rendimiento</strong>&nbsp;con&nbsp;<strong>seguridad</strong>, inspirando enfoques similares en otros modelos<span class=\"ds-markdown-cite\">2</span><span class=\"ds-markdown-cite\">7</span>.</span></p>\r\n<p class=\"ds-markdown-paragraph\"><span style=\"font-family: \'comic sans ms\', sans-serif;\">En resumen, Claude representa una&nbsp;<strong>IA conversacional de pr&oacute;xima generaci&oacute;n</strong>, equilibrando potencia t&eacute;cnica con responsabilidad &eacute;tica, y se posiciona como una alternativa destacada a herramientas como ChatGPT o Gemini<span class=\"ds-markdown-cite\">4</span><span class=\"ds-markdown-cite\">8</span>.</span></p>\r\n<p class=\"ds-markdown-paragraph\">&nbsp;</p>\r\n<p class=\"ds-markdown-paragraph\"><video controls=\"controls\" width=\"764\" height=\"432\" src=\"http://localhost:5000/static/videos/courses/1750115280_Como_usar_CLAUDE_Inteligencia_Artificial.mp4\" style=\"display: table; margin-left: auto; margin-right: auto;\"></video></p>', 4),
(6, 'Capitulo 2: Crea tu primera presentación con Gamma IA', '<p dir=\"ltr\" data-pm-slice=\"1 3 []\"><span style=\"font-family: \'comic sans ms\', sans-serif; font-size: 14pt;\"><strong>Objetivo:</strong> Usar Gamma IA para hacer una presentaci&oacute;n sencilla con la ayuda de la IA gu&iacute;a.</span></p>\r\n<ol dir=\"ltr\">\r\n<li style=\"font-family: \'comic sans ms\', sans-serif;\">\r\n<p dir=\"ltr\" style=\"text-align: left;\"><span style=\"font-family: \'comic sans ms\', sans-serif;\"><strong>Paso 1: Abre Gamma IA</strong></span><br>Puedes abrir gamma ia siguiendo el enlace externo colocar tu cuenta e iniciar sesion si necesitas ayuda con esto preguntale a tus profesores ellos te podr&aacute;n Ayudar !!! <img src=\"http://localhost:5000/static/img/courses/blobid1751328009456.png\" width=\"820\" height=\"431\" alt=\"\" style=\"display: block; margin-left: auto; margin-right: auto;\"></p>\r\n</li>\r\n<li style=\"font-family: \'comic sans ms\', sans-serif;\">\r\n<p dir=\"ltr\"><span style=\"font-family: \'comic sans ms\', sans-serif;\"><strong>Paso 2: Elige el tema y haz click en el boton para iniciar la creacion de la presentacion</strong></span><br><span style=\"font-family: \'comic sans ms\', sans-serif;\">Usa el tema que elegiste en la Actividad 1 (por ejemplo, \"Los animales m&aacute;s raros del mundo\"). Pregunta a sparky:</span><br><span style=\"font-family: \'comic sans ms\', sans-serif;\"><em>\"&iquest;C&oacute;mo le digo a Gamma IA que mi presentaci&oacute;n es sobre [tu tema]?\"</em></span><br><span style=\"font-family: \'comic sans ms\', sans-serif;\">Sigue los pasos que te d&eacute; para configurar el tema.</span></p>\r\n</li>\r\n</ol>\r\n<p style=\"font-family: \'comic sans ms\', sans-serif; text-align: center;\"><span style=\"font-family: \'comic sans ms\', sans-serif;\">Para acceder a el creador de presentaciones tendras que presionar el siguiente boton:</span></p>\r\n<p style=\"font-family: \'comic sans ms\', sans-serif; text-align: center;\"><span style=\"font-family: \'comic sans ms\', sans-serif;\"><img src=\"http://localhost:5000/static/img/courses/mceu_11466693611751328157725.png\" width=\"691\" height=\"364\"></span></p>\r\n<p style=\"font-family: \'comic sans ms\', sans-serif; text-align: center;\"><strong><span style=\"font-family: \'comic sans ms\', sans-serif;\">Una vez que hayas hecho esto lo siguiente sera hacer click en \"generar\"y luego colocar tu tema en el siguiente recuadro:</span></strong></p>\r\n<p style=\"font-family: \'comic sans ms\', sans-serif; text-align: center;\"><strong><span style=\"font-family: \'comic sans ms\', sans-serif;\"><img src=\"http://localhost:5000/static/img/courses/mceu_27021782821751328319544.png\" width=\"660\" height=\"347\"></span></strong></p>\r\n<p style=\"font-family: \'comic sans ms\', sans-serif; text-align: center;\"><strong><span style=\"font-family: \'comic sans ms\', sans-serif;\">Asegurate de que este seleccionado en presentacion como dice la flecha azul. la flecha roja indica el recuadro en el que colocaras tu divertido tema !!!!&nbsp;</span></strong></p>\r\n<ol dir=\"ltr\">\r\n<li style=\"font-family: \'comic sans ms\', sans-serif;\">\r\n<p dir=\"ltr\"><span style=\"font-family: \'comic sans ms\', sans-serif;\"><strong>Paso 3: Deja que la IA cree magia</strong></span><br><span style=\"font-family: \'comic sans ms\', sans-serif;\">P&iacute;dele a sparky ideas:</span><br><span style=\"font-family: \'comic sans ms\', sans-serif;\"><em>ejemplo: \"sparky mejora mi tema definelo un poco mas para que gamma ia entienda mejor que hacer!\"&nbsp;</em></span></p>\r\n</li>\r\n<li style=\"font-family: \'comic sans ms\', sans-serif; font-weight: bold;\"><strong><span style=\"font-family: \'comic sans ms\', sans-serif;\">Piensa en y escribe:</span></strong>\r\n<ul class=\"tight\" dir=\"ltr\" data-tight=\"true\">\r\n<li style=\"font-family: \'comic sans ms\', sans-serif;\">\r\n<p dir=\"ltr\"><span style=\"font-family: \'comic sans ms\', sans-serif;\">&iquest;Qu&eacute; te gusta de las diapositivas que cre&oacute; Gamma IA?</span></p>\r\n</li>\r\n<li style=\"font-family: \'comic sans ms\', sans-serif;\">\r\n<p dir=\"ltr\"><span style=\"font-family: \'comic sans ms\', sans-serif;\">&iquest;Qu&eacute; cambiar&iacute;as?</span><span style=\"font-family: \'comic sans ms\', sans-serif;\"></span><span style=\"font-family: \'comic sans ms\', sans-serif;\"></span></p>\r\n</li>\r\n</ul>\r\n</li>\r\n</ol>\r\n<p dir=\"ltr\" style=\"text-align: center;\"><strong><span style=\"font-family: \'comic sans ms\', sans-serif;\">Sigue las instrucciones para terminar de generar tu divertida presentacion :</span></strong></p>\r\n<p dir=\"ltr\" style=\"text-align: center;\"><span style=\"font-family: \'comic sans ms\', sans-serif;\"><img src=\"http://localhost:5000/static/img/courses/mceu_75304478031751328715941.png\" width=\"631\" height=\"333\"></span></p>\r\n<p dir=\"ltr\" style=\"text-align: center;\"><strong><span style=\"font-family: \'comic sans ms\', sans-serif;\">Debes hacer click en el boton azul que esta abajo que dice \"Generar\" con estrellitas muy bonitas</span></strong></p>\r\n<p dir=\"ltr\" style=\"text-align: center;\"><span style=\"font-family: \'comic sans ms\', sans-serif;\"><img src=\"http://localhost:5000/static/img/courses/mceu_92324719141751329178188.gif\"></span></p>\r\n<p dir=\"ltr\" style=\"text-align: center;\"><strong><span style=\"font-family: \'comic sans ms\', sans-serif;\">Una vez hayas hecho esto gamma IA comenzara a elaborar tu presentacion justo como vez en la imagen de arriba que emocion!!!!!</span></strong></p>\r\n<p dir=\"ltr\"><span style=\"font-family: \'comic sans ms\', sans-serif;\"><strong>Nota: Si necesitas ideas puedes pedirselas a sparky en el boton de abajo a la derecha te ayudara a tener esas ideas creativas sobre lo que quieres en tu presentacion !!!</strong></span></p>', 1),
(7, 'Capitulo 3: Actividades Recreativas!!!', '<ol dir=\"ltr\">\r\n<li style=\"font-family: \'comic sans ms\', sans-serif;\">\r\n<ul class=\"tight\" dir=\"ltr\" data-tight=\"true\">\r\n<li style=\"font-family: \'comic sans ms\', sans-serif;\">\r\n<h2><strong>Actividades Did&aacute;cticas y Divertidas</strong></h2>\r\n<h3><strong>1. \"Mi Presentaci&oacute;n M&aacute;gica\" (Introducci&oacute;n a Gamma IA)</strong></h3>\r\n<p class=\"ds-markdown-paragraph\"><strong>Objetivo:</strong><span>&nbsp;</span>Familiarizar a los ni&ntilde;os con la interfaz de Gamma IA.<br><strong>Actividad:</strong></p>\r\n<ul>\r\n<li>\r\n<p class=\"ds-markdown-paragraph\">Cada ni&ntilde;o crear&aacute; una presentaci&oacute;n sobre<span>&nbsp;</span><strong>\"Mi animal favorito\"</strong><span>&nbsp;</span>(o \"Mi superh&eacute;roe favorito\").</p>\r\n</li>\r\n<li>\r\n<p class=\"ds-markdown-paragraph\">Ense&ntilde;arles a:</p>\r\n<ul>\r\n<li>\r\n<p class=\"ds-markdown-paragraph\">Elegir una plantilla simple.</p>\r\n</li>\r\n<li>\r\n<p class=\"ds-markdown-paragraph\">A&ntilde;adir texto e im&aacute;genes.</p>\r\n</li>\r\n<li>\r\n<p class=\"ds-markdown-paragraph\">Cambiar colores y fuentes.<br><strong>Diversi&oacute;n:</strong><span>&nbsp;</span>Al final, cada ni&ntilde;o presenta su slide en 1 minuto.</p>\r\n</li>\r\n</ul>\r\n</li>\r\n</ul>\r\n<hr>\r\n<h3><strong>2. \"El Cuento Interactivo\" (Uso de Texto e Im&aacute;genes)</strong></h3>\r\n<p class=\"ds-markdown-paragraph\"><strong>Objetivo:</strong><span>&nbsp;</span>Aprender a estructurar informaci&oacute;n con Gamma IA.<br><strong>Actividad:</strong></p>\r\n<ul>\r\n<li>\r\n<p class=\"ds-markdown-paragraph\">En grupos, los ni&ntilde;os crear&aacute;n un<span>&nbsp;</span><strong>cuento colaborativo</strong><span>&nbsp;</span>(ej: \"Una aventura en el espacio\").</p>\r\n</li>\r\n<li>\r\n<p class=\"ds-markdown-paragraph\">Cada grupo escribe una parte del cuento y lo ilustra con im&aacute;genes en Gamma.</p>\r\n</li>\r\n<li>\r\n<p class=\"ds-markdown-paragraph\">Luego, unen todas las diapositivas en una sola presentaci&oacute;n.<br><strong>Diversi&oacute;n:</strong><span>&nbsp;</span>Se proyecta el cuento completo y cada grupo narra su parte con voces divertidas.</p>\r\n</li>\r\n</ul>\r\n<hr>\r\n<h3><strong>3. \"El Reportero Digital\" (Insertar Videos y Enlaces)</strong></h3>\r\n<p class=\"ds-markdown-paragraph\"><strong>Objetivo:</strong><span>&nbsp;</span>Aprender a integrar multimedia.<br><strong>Actividad:</strong></p>\r\n<ul>\r\n<li>\r\n<p class=\"ds-markdown-paragraph\">Los ni&ntilde;os har&aacute;n una<span>&nbsp;</span><strong>noticia inventada</strong><span>&nbsp;</span>(ej: \"&iexcl;Un dinosaurio aparece en el colegio!\").</p>\r\n</li>\r\n<li>\r\n<p class=\"ds-markdown-paragraph\">Deber&aacute;n:</p>\r\n<ul>\r\n<li>\r\n<p class=\"ds-markdown-paragraph\">Escribir un titular.</p>\r\n</li>\r\n<li>\r\n<p class=\"ds-markdown-paragraph\">Insertar un video de YouTube (ej: un clip de dinosaurios).</p>\r\n</li>\r\n<li>\r\n<p class=\"ds-markdown-paragraph\">Agregar un enlace a una p&aacute;gina web (ej: un museo de historia natural).<br><strong>Diversi&oacute;n:</strong><span>&nbsp;</span>Grabar un audio (con Gamma) narrando la noticia como periodistas.</p>\r\n</li>\r\n</ul>\r\n</li>\r\n</ul>\r\n<hr>\r\n<h3><strong>4. \"El Juego de Preguntas\" (Diapositivas Interactivas)</strong></h3>\r\n<p class=\"ds-markdown-paragraph\"><strong>Objetivo:</strong><span>&nbsp;</span>Aprender a crear botones y navegaci&oacute;n.<br><strong>Actividad:</strong></p>\r\n<ul>\r\n<li>\r\n<p class=\"ds-markdown-paragraph\">Crear un<span>&nbsp;</span><strong>quiz</strong><span>&nbsp;</span>(ej: \"&iquest;Cu&aacute;nto sabes de animales?\").</p>\r\n</li>\r\n<li>\r\n<p class=\"ds-markdown-paragraph\">Ense&ntilde;arles a:</p>\r\n<ul>\r\n<li>\r\n<p class=\"ds-markdown-paragraph\">Hacer preguntas con opciones.</p>\r\n</li>\r\n<li>\r\n<p class=\"ds-markdown-paragraph\">Usar enlaces para que al clickear lleve a \"Correcto\" o \"Incorrecto\".<br><strong>Diversi&oacute;n:</strong><span>&nbsp;</span>Competencia por equipos para ver qui&eacute;n acierta m&aacute;s.</p>\r\n</li>\r\n</ul>\r\n</li>\r\n</ul>\r\n<hr>\r\n<h3><strong>5. \"Proyecto Final: &iexcl;Mi Mundo en Gamma!\"</strong></h3>\r\n<p class=\"ds-markdown-paragraph\"><strong>Objetivo:</strong><span>&nbsp;</span>Aplicar todo lo aprendido.<br><strong>Actividad:</strong></p>\r\n<ul>\r\n<li>\r\n<p class=\"ds-markdown-paragraph\">Cada ni&ntilde;o crea una presentaci&oacute;n sobre<span>&nbsp;</span><strong>\"Mi pasatiempo favorito\"</strong><span>&nbsp;</span>(o \"El planeta de mis sue&ntilde;os\").</p>\r\n</li>\r\n<li>\r\n<p class=\"ds-markdown-paragraph\">Deben incluir:</p>\r\n<ul>\r\n<li>\r\n<p class=\"ds-markdown-paragraph\">Texto + im&aacute;genes.</p>\r\n</li>\r\n<li>\r\n<p class=\"ds-markdown-paragraph\">Un video o enlace.</p>\r\n</li>\r\n<li>\r\n<p class=\"ds-markdown-paragraph\">Un bot&oacute;n interactivo (ej: \"Haz clic para ver mi dibujo\").<br><strong>Diversi&oacute;n:</strong><span>&nbsp;</span>Exposici&oacute;n en clase con votaci&oacute;n al mejor proyecto.</p>\r\n</li>\r\n</ul>\r\n</li>\r\n</ul>\r\n<p dir=\"ltr\"><span style=\"font-family: \'comic sans ms\', sans-serif;\">&iquest;Qu&eacute; har&iacute;as diferente en tu pr&oacute;xima presentaci&oacute;n con Gamma IA?</span></p>\r\n</li>\r\n</ul>\r\n</li>\r\n</ol>', 1),
(8, 'Capitulo 1 : Que es whisk?', '<p class=\"ds-markdown-paragraph\"><span style=\"font-family: \'comic sans ms\', sans-serif;\">Imagina que tienes un <strong>\"robot artista\"</strong>&nbsp;dentro de la computadora que:</span></p>\r\n<ol start=\"1\">\r\n<li style=\"font-family: \'comic sans ms\', sans-serif;\">\r\n<p class=\"ds-markdown-paragraph\"><span style=\"font-family: \'comic sans ms\', sans-serif;\"><strong>Te obedece al instante</strong>: &iexcl;Le dices con palabras lo que quieres dibujar (ej:&nbsp;<em>\"un ping&uuml;ino bailando breakdance en la luna\"</em>) y&nbsp;<em>&iexcl;PUM!</em>&nbsp;lo crea en segundos.</span></p>\r\n</li>\r\n<li style=\"font-family: \'comic sans ms\', sans-serif;\">\r\n<p class=\"ds-markdown-paragraph\"><span style=\"font-family: \'comic sans ms\', sans-serif;\"><strong>&nbsp;No necesita manos</strong>: Solo tu cerebro creativo + palabras claves (&iexcl;como un hechizo!).</span></p>\r\n</li>\r\n<li style=\"font-family: \'comic sans ms\', sans-serif;\">\r\n<p class=\"ds-markdown-paragraph\"><span style=\"font-family: \'comic sans ms\', sans-serif;\"><strong>&nbsp;Conoce TODOS los estilos</strong>: Desde dibujos animados hasta paisajes de ensue&ntilde;o.</span></p>\r\n</li>\r\n</ol>\r\n<hr>\r\n<h3><span style=\"font-family: \'comic sans ms\', sans-serif;\"><strong>&nbsp;&iquest;C&oacute;mo funciona?</strong>&nbsp;</span></h3>\r\n<ol start=\"1\">\r\n<li style=\"font-family: \'comic sans ms\', sans-serif;\">\r\n<p class=\"ds-markdown-paragraph\"><span style=\"font-family: \'comic sans ms\', sans-serif;\"><strong>T&uacute; escribes</strong>&nbsp;(o dictas) una&nbsp;<strong>\"f&oacute;rmula m&aacute;gica\"</strong>&nbsp;(ej:&nbsp;<em>\"dinosaurio rosa con sombrero de fiesta\"</em>).</span></p>\r\n</li>\r\n<li style=\"font-family: \'comic sans ms\', sans-serif;\">\r\n<p class=\"ds-markdown-paragraph\"><span style=\"font-family: \'comic sans ms\', sans-serif;\"><strong>WHISK mezcla</strong> sus p&oacute;cimas digitales.</span></p>\r\n</li>\r\n<li style=\"font-family: \'comic sans ms\', sans-serif;\">\r\n<p class=\"ds-markdown-paragraph\"><span style=\"font-family: \'comic sans ms\', sans-serif;\"><strong>&iexcl;Tach&aacute;n!</strong>&nbsp;Nace tu obra de arte&nbsp;<strong>&uacute;nica</strong>.</span></p>\r\n</li>\r\n</ol>\r\n<hr>\r\n<p class=\"ds-markdown-paragraph\"><span style=\"font-family: \'comic sans ms\', sans-serif;\">&nbsp;&iexcl;Pueden \"desafiarlo\" con ideas locas!&nbsp;<em>(Ej: \"&iquest;Podr&iacute;as dibujar una pizza voladora repartiendo alegr&iacute;a?\")</em>.</span></p>\r\n<p class=\"ds-markdown-paragraph\"><span style=\"font-family: \'comic sans ms\', sans-serif;\">&iquest;Listos para ser&nbsp;<strong>directores de arte con IA</strong>?&nbsp;</span></p>', 6),
(10, 'Capitulo 2 : como usar Whisk? ', '<h3><span style=\"font-family: \'comic sans ms\', sans-serif;\"><strong>Paso 1: Entrar a Whisk</strong></span></h3>\r\n<ol start=\"1\">\r\n<li style=\"font-family: \'comic sans ms\', sans-serif;\">\r\n<p class=\"ds-markdown-paragraph\"><span style=\"font-family: \'comic sans ms\', sans-serif;\"><strong>Abre el navegador</strong>&nbsp;(Chrome, Edge, etc.).</span></p>\r\n</li>\r\n<li style=\"font-family: \'comic sans ms\', sans-serif;\">\r\n<p class=\"ds-markdown-paragraph\"><span style=\"font-family: \'comic sans ms\', sans-serif;\"><strong>Escribe en Google</strong>: \"Whisk IA im&aacute;genes\" o ve directamente a su p&aacute;gina web ubicada en el menu de principal del curso whisk(enlace externo IA)</span></p>\r\n</li>\r\n<li style=\"font-family: \'comic sans ms\', sans-serif;\">\r\n<p class=\"ds-markdown-paragraph\"><span style=\"font-family: \'comic sans ms\', sans-serif;\"><strong>Haz clic en \"Crear\" o \"Enter tool\"</strong>. (<strong>nota: si tienes que iniciar sesion pidele ayuda a uno de tus profesores</strong>)</span></p>\r\n</li>\r\n</ol>\r\n<p class=\"ds-markdown-paragraph\"><span style=\"font-family: \'comic sans ms\', sans-serif;\"><em>&nbsp;<img src=\"http://localhost:5000/static/img/courses/blobid1751322336014.png\" width=\"676\" height=\"360\" alt=\"\" style=\"display: block; margin-left: auto; margin-right: auto;\"></em></span></p>\r\n<hr>\r\n<h3><span style=\"font-family: \'comic sans ms\', sans-serif;\"><strong>&nbsp;Paso 2: Escribir el \"Prompt\" (Instrucci&oacute;n para la IA)</strong></span></h3>\r\n<p class=\"ds-markdown-paragraph\"><span style=\"font-family: \'comic sans ms\', sans-serif;\"><strong>&nbsp;Reglas b&aacute;sicas para ni&ntilde;os</strong>:</span></p>\r\n<ul>\r\n<li style=\"font-family: \'comic sans ms\', sans-serif;\">\r\n<p class=\"ds-markdown-paragraph\"><span style=\"font-family: \'comic sans ms\', sans-serif;\"><strong>Describe con detalles simples pero claros</strong>:</span></p>\r\n<ul>\r\n<li style=\"font-family: \'comic sans ms\', sans-serif;\">\r\n<p class=\"ds-markdown-paragraph\"><span style=\"font-family: \'comic sans ms\', sans-serif;\"><strong>Personaje</strong>: \"un perro azul con gafas de sol\".</span></p>\r\n</li>\r\n<li style=\"font-family: \'comic sans ms\', sans-serif;\">\r\n<p class=\"ds-markdown-paragraph\"><span style=\"font-family: \'comic sans ms\', sans-serif;\"><strong>Escenario</strong>: \"en una playa con palmeras y un sol brillante\".</span></p>\r\n</li>\r\n<li style=\"font-family: \'comic sans ms\', sans-serif;\">\r\n<p class=\"ds-markdown-paragraph\"><span style=\"font-family: \'comic sans ms\', sans-serif;\"><strong>Estilo</strong>: \"dibujo animado\" / \"como un cuento de hadas\".</span></p>\r\n</li>\r\n<li style=\"font-family: \'comic sans ms\', sans-serif;\">&nbsp;<img src=\"http://localhost:5000/static/img/courses/blobid1751322356834.png\" width=\"782\" height=\"410\" alt=\"\" style=\"display: block; margin-left: auto; margin-right: auto;\"></li>\r\n</ul>\r\n</li>\r\n</ul>\r\n<p class=\"ds-markdown-paragraph\"><span style=\"font-family: \'comic sans ms\', sans-serif;\"><strong>Ejemplo de prompt completo</strong>:</span><br><span style=\"font-family: \'comic sans ms\', sans-serif;\"><em>\"Dibuja un gato astronauta flotando en el espacio, con estrellas y un planeta de fondo, estilo dibujo infantil colorido\"</em>.</span></p>\r\n<p class=\"ds-markdown-paragraph\"><span style=\"font-family: \'comic sans ms\', sans-serif;\">⚠️&nbsp;<strong>Tips para mejores resultados</strong>:</span></p>\r\n<ul>\r\n<li style=\"font-family: \'comic sans ms\', sans-serif;\">\r\n<p class=\"ds-markdown-paragraph\"><span style=\"font-family: \'comic sans ms\', sans-serif;\">Usa&nbsp;<strong>colores</strong>&nbsp;(\"pelota&nbsp;<strong>roja</strong>\").</span></p>\r\n</li>\r\n<li style=\"font-family: \'comic sans ms\', sans-serif;\">\r\n<p class=\"ds-markdown-paragraph\"><span style=\"font-family: \'comic sans ms\', sans-serif;\">Agrega&nbsp;<strong>emociones</strong>&nbsp;(\"ni&ntilde;o&nbsp;<strong>feliz</strong>\").</span></p>\r\n</li>\r\n<li style=\"font-family: \'comic sans ms\', sans-serif;\">\r\n<p class=\"ds-markdown-paragraph\"><span style=\"font-family: \'comic sans ms\', sans-serif;\">Evita palabras muy complicadas.</span></p>\r\n</li>\r\n</ul>\r\n<hr>\r\n<h3><span style=\"font-family: \'comic sans ms\', sans-serif;\"><strong>&nbsp;Paso 3: Generar la Imagen</strong></span></h3>\r\n<ol start=\"1\">\r\n<li style=\"font-family: \'comic sans ms\', sans-serif;\">\r\n<p class=\"ds-markdown-paragraph\"><span style=\"font-family: \'comic sans ms\', sans-serif;\"><strong>Pega o escribe tu prompt</strong>&nbsp;en la barra de Whisk.</span></p>\r\n</li>\r\n<li style=\"font-family: \'comic sans ms\', sans-serif;\">\r\n<p class=\"ds-markdown-paragraph\"><span style=\"font-family: \'comic sans ms\', sans-serif;\"><strong>Haz clic en \"Crear\"</strong>&nbsp;(o el bot&oacute;n similar).</span></p>\r\n</li>\r\n<li style=\"font-family: \'comic sans ms\', sans-serif;\">\r\n<p class=\"ds-markdown-paragraph\"><span style=\"font-family: \'comic sans ms\', sans-serif;\"><strong>&iexcl;Espera unos segundos!</strong>&nbsp;La IA har&aacute; 1-4 im&aacute;genes.</span></p>\r\n</li>\r\n</ol>\r\n<p comic=\"\" sans=\"\" ms\",=\"\" sans-serif;\"=\"\"><span style=\"font-family: \'comic sans ms\', sans-serif;\"></span></p>\r\n<hr>\r\n<h3><span style=\"font-family: \'comic sans ms\', sans-serif;\"><strong>&nbsp;Paso 4: Guardar o Modificar</strong></span></h3>\r\n<ol start=\"1\">\r\n<li style=\"font-family: \'comic sans ms\', sans-serif;\">\r\n<p class=\"ds-markdown-paragraph\"><span style=\"font-family: \'comic sans ms\', sans-serif;\"><strong>Elige tu imagen favorita</strong>&nbsp;(haz clic en ella).</span></p>\r\n</li>\r\n<li style=\"font-family: \'comic sans ms\', sans-serif;\">\r\n<p class=\"ds-markdown-paragraph\"><span style=\"font-family: \'comic sans ms\', sans-serif;\"><strong>Desc&aacute;rgala</strong>: Busca el bot&oacute;n de&nbsp;<strong>⬇️ Download</strong>&nbsp;o \"Guardar\".</span></p>\r\n</li>\r\n</ol>\r\n<p class=\"ds-markdown-paragraph\">&nbsp;<img src=\"http://localhost:5000/static/img/courses/blobid1751322408748.png\" width=\"818\" height=\"430\" alt=\"\" style=\"display: block; margin-left: auto; margin-right: auto;\"></p>\r\n<p class=\"ds-markdown-paragraph\"><span style=\"font-family: \'comic sans ms\', sans-serif;\"><strong>&nbsp; &nbsp; &nbsp; &nbsp; &nbsp; Si no te gust&oacute;</strong>: Cambia el prompt y vuelve a intentar. Ejemplo:</span></p>\r\n<ul>\r\n<li style=\"list-style-type: none; font-family: \'comic sans ms\', sans-serif;\">\r\n<ul>\r\n<li style=\"font-family: \'comic sans ms\', sans-serif;\">\r\n<p class=\"ds-markdown-paragraph\"><span style=\"font-family: \'comic sans ms\', sans-serif;\"><em>\"Ahora el gato astronauta con un traje&nbsp;<strong>dorado</strong>\"</em>.</span></p>\r\n</li>\r\n</ul>\r\n</li>\r\n</ul>\r\n<hr>\r\n<h3><span style=\"font-family: \'comic sans ms\', sans-serif;\"><strong>&nbsp;Actividad Pr&aacute;ctica: \"Crea tu Cuento con Whisk\"</strong></span></h3>\r\n<p class=\"ds-markdown-paragraph\"><span style=\"font-family: \'comic sans ms\', sans-serif;\"><strong>Instrucciones para la clase</strong>:</span></p>\r\n<ol start=\"1\">\r\n<li style=\"font-family: \'comic sans ms\', sans-serif;\">\r\n<p class=\"ds-markdown-paragraph\"><span style=\"font-family: \'comic sans ms\', sans-serif;\"><strong>Inventa un cuento corto</strong>&nbsp;(3 oraciones). Ejemplo:</span><br><span style=\"font-family: \'comic sans ms\', sans-serif;\"><em>\"L&iacute;a encontr&oacute; un drag&oacute;n morado en el bosque. El drag&oacute;n ten&iacute;a poderes m&aacute;gicos para volar m&aacute;s r&aacute;pido que el viento. Juntos decidieron explorar una monta&ntilde;a de chocolate.\"</em></span></p>\r\n</li>\r\n<li style=\"font-family: \'comic sans ms\', sans-serif;\">\r\n<p class=\"ds-markdown-paragraph\"><span style=\"font-family: \'comic sans ms\', sans-serif;\"><strong>Divide el cuento en partes</strong>:</span></p>\r\n<ul>\r\n<li style=\"font-family: \'comic sans ms\', sans-serif;\">\r\n<p class=\"ds-markdown-paragraph\"><span style=\"font-family: \'comic sans ms\', sans-serif;\"><strong>Escena 1</strong>: \"drag&oacute;n morado en el bosque\".</span></p>\r\n</li>\r\n<li style=\"font-family: \'comic sans ms\', sans-serif;\">\r\n<p class=\"ds-markdown-paragraph\"><span style=\"font-family: \'comic sans ms\', sans-serif;\"><strong>Escena 2</strong>: \"drag&oacute;n volando r&aacute;pido\".</span></p>\r\n</li>\r\n<li style=\"font-family: \'comic sans ms\', sans-serif;\">\r\n<p class=\"ds-markdown-paragraph\"><span style=\"font-family: \'comic sans ms\', sans-serif;\"><strong>Escena 3</strong>: \"monta&ntilde;a de chocolate\".</span></p>\r\n</li>\r\n</ul>\r\n</li>\r\n<li style=\"font-family: \'comic sans ms\', sans-serif;\">\r\n<p class=\"ds-markdown-paragraph\"><span style=\"font-family: \'comic sans ms\', sans-serif;\"><strong>Genera cada escena en Whisk</strong>&nbsp;siguiendo los pasos anteriores.</span></p>\r\n</li>\r\n<li style=\"font-family: \'comic sans ms\', sans-serif;\">\r\n<p class=\"ds-markdown-paragraph\"><span style=\"font-family: \'comic sans ms\', sans-serif;\"><strong>Junten todas las im&aacute;genes</strong>&nbsp;y creen un \"libro\" en:</span></p>\r\n<ul>\r\n<li style=\"font-family: \'comic sans ms\', sans-serif;\">\r\n<p class=\"ds-markdown-paragraph\"><span style=\"font-family: \'comic sans ms\', sans-serif;\"><strong>F&iacute;sico</strong>: Pegar las im&aacute;genes en cartulinas y escribir el texto debajo.</span></p>\r\n</li>\r\n<li style=\"font-family: \'comic sans ms\', sans-serif;\">\r\n<p class=\"ds-markdown-paragraph\"><span style=\"font-family: \'comic sans ms\', sans-serif;\"><strong>Digital</strong>: Usar Canva o PowerPoint para armar una presentaci&oacute;n.</span></p>\r\n</li>\r\n</ul>\r\n</li>\r\n</ol>\r\n<hr>\r\n<h3><span style=\"font-family: \'comic sans ms\', sans-serif;\"><strong>Ejemplos de Prompts para Ni&ntilde;os</strong></span></h3>\r\n<ol start=\"1\">\r\n<li style=\"font-family: \'comic sans ms\', sans-serif;\">\r\n<p class=\"ds-markdown-paragraph\"><span style=\"font-family: \'comic sans ms\', sans-serif;\"><em>\"Un robot amigable jugando con un perro en el parque, estilo cartoon\"</em>.</span></p>\r\n</li>\r\n<li style=\"font-family: \'comic sans ms\', sans-serif;\">\r\n<p class=\"ds-markdown-paragraph\"><span style=\"font-family: \'comic sans ms\', sans-serif;\"><em>\"Una ciudad flotante en las nubes con casas de colores\"</em>.</span></p>\r\n</li>\r\n<li style=\"font-family: \'comic sans ms\', sans-serif;\">\r\n<p class=\"ds-markdown-paragraph\"><span style=\"font-family: \'comic sans ms\', sans-serif;\"><em>\"Un h&eacute;roe con capa roja salvando a un gatito de un &aacute;rbol\"</em>.</span></p>\r\n</li>\r\n</ol>', 6);
INSERT INTO `capitulos` (`id`, `titulo`, `contenido`, `curso_id`) VALUES
(11, 'Capitulo 3: Actividades divertidas para realizar!! ', '<p class=\"ds-markdown-paragraph\"><span style=\"font-family: \'comic sans ms\', sans-serif;\"><strong>Diversi&oacute;n con WHISK! Actividades para Convertirse en Maestros de los Prompts</strong>✨</span></p>\r\n<hr>\r\n<h3><span style=\"font-family: \'comic sans ms\', sans-serif;\"><strong>1.\"El Juego de los Dados M&aacute;gicos\"</strong></span></h3>\r\n<p class=\"ds-markdown-paragraph\"><span style=\"font-family: \'comic sans ms\', sans-serif;\"><strong>Objetivo</strong>: Aprender a combinar ideas para crear prompts locos.</span></p>\r\n<p class=\"ds-markdown-paragraph\"><span style=\"font-family: \'comic sans ms\', sans-serif;\"><strong>C&oacute;mo jugar</strong>:</span></p>\r\n<ol start=\"1\">\r\n<li style=\"font-family: \'comic sans ms\', sans-serif;\">\r\n<p class=\"ds-markdown-paragraph\"><span style=\"font-family: \'comic sans ms\', sans-serif;\"><strong>Prepara dados</strong>&nbsp;(o usa un generador de palabras online).</span></p>\r\n</li>\r\n<li style=\"font-family: \'comic sans ms\', sans-serif;\">\r\n<p class=\"ds-markdown-paragraph\"><span style=\"font-family: \'comic sans ms\', sans-serif;\"><strong>Cada dado representa una categor&iacute;a</strong>:</span></p>\r\n<ul>\r\n<li style=\"font-family: \'comic sans ms\', sans-serif;\">\r\n<p class=\"ds-markdown-paragraph\"><span style=\"font-family: \'comic sans ms\', sans-serif;\"><strong>Dado 1</strong>: Personajes (<em>\"drag&oacute;n\", \"robot\", \"unicornio\"</em>).</span></p>\r\n</li>\r\n<li style=\"font-family: \'comic sans ms\', sans-serif;\">\r\n<p class=\"ds-markdown-paragraph\"><span style=\"font-family: \'comic sans ms\', sans-serif;\"><strong>Dado 2</strong>: Acciones (<em>\"bailando\", \"volando\", \"comiendo helado\"</em>).</span></p>\r\n</li>\r\n<li style=\"font-family: \'comic sans ms\', sans-serif;\">\r\n<p class=\"ds-markdown-paragraph\"><span style=\"font-family: \'comic sans ms\', sans-serif;\"><strong>Dado 3</strong>: Lugares (<em>\"en el espacio\", \"en un castillo de chocolate\", \"bajo el mar\"</em>).</span></p>\r\n</li>\r\n</ul>\r\n</li>\r\n<li style=\"font-family: \'comic sans ms\', sans-serif;\">\r\n<p class=\"ds-markdown-paragraph\"><span style=\"font-family: \'comic sans ms\', sans-serif;\"><strong>&iexcl;Tira los dados!</strong>&nbsp;y escribe el prompt resultante. Ejemplo:</span></p>\r\n<ul>\r\n<li style=\"font-family: \'comic sans ms\', sans-serif;\">\r\n<p class=\"ds-markdown-paragraph\"><span style=\"font-family: \'comic sans ms\', sans-serif;\"><em>\"Un robot bailando en un castillo de chocolate, estilo cartoon\"</em>.</span></p>\r\n</li>\r\n</ul>\r\n</li>\r\n<li style=\"font-family: \'comic sans ms\', sans-serif;\">\r\n<p class=\"ds-markdown-paragraph\"><span style=\"font-family: \'comic sans ms\', sans-serif;\"><strong>Genera la imagen en WHISK</strong>&nbsp;y &iexcl;r&iacute;ete con los resultados!</span></p>\r\n</li>\r\n</ol>\r\n<p class=\"ds-markdown-paragraph\"><span style=\"font-family: \'comic sans ms\', sans-serif;\"><strong>Nota</strong>: Pueden usar a Sparky para que les ayude con esta actividad !!!&nbsp;</span></p>\r\n<hr>\r\n<h3><span style=\"font-family: \'comic sans ms\', sans-serif;\"><strong>2.\"El Detective de Detalles\"</strong></span></h3>\r\n<p class=\"ds-markdown-paragraph\"><span style=\"font-family: \'comic sans ms\', sans-serif;\"><strong>Objetivo</strong>: Aprender a a&ntilde;adir detalles clave a los prompts.</span></p>\r\n<p class=\"ds-markdown-paragraph\"><span style=\"font-family: \'comic sans ms\', sans-serif;\"><strong>Instrucciones</strong>:</span></p>\r\n<ol start=\"1\">\r\n<li style=\"font-family: \'comic sans ms\', sans-serif;\">\r\n<p class=\"ds-markdown-paragraph\"><span style=\"font-family: \'comic sans ms\', sans-serif;\"><strong>El profesor muestra una imagen simple generada en WHISK</strong>&nbsp;(ej:&nbsp;<em>\"un gato en un parque\"</em>).</span></p>\r\n</li>\r\n<li style=\"font-family: \'comic sans ms\', sans-serif;\">\r\n<p class=\"ds-markdown-paragraph\"><span style=\"font-family: \'comic sans ms\', sans-serif;\"><strong>Los ni&ntilde;os deben mejorar el prompt</strong>&nbsp;agregando:</span></p>\r\n<ul>\r\n<li style=\"font-family: \'comic sans ms\', sans-serif;\">\r\n<p class=\"ds-markdown-paragraph\"><span style=\"font-family: \'comic sans ms\', sans-serif;\"><strong>Colores</strong>:&nbsp;<em>\"gato&nbsp;<strong>naranja</strong>&nbsp;en un parque&nbsp;<strong>con flores moradas</strong>\"</em>.</span></p>\r\n</li>\r\n<li style=\"font-family: \'comic sans ms\', sans-serif;\">\r\n<p class=\"ds-markdown-paragraph\"><span style=\"font-family: \'comic sans ms\', sans-serif;\"><strong>Emociones</strong>:&nbsp;<em>\"gato&nbsp;<strong>feliz</strong>...\"</em>.</span></p>\r\n</li>\r\n<li style=\"font-family: \'comic sans ms\', sans-serif;\">\r\n<p class=\"ds-markdown-paragraph\"><span style=\"font-family: \'comic sans ms\', sans-serif;\"><strong>Estilo</strong>:&nbsp;<em>\"...en estilo&nbsp;<strong>acuarela</strong>\"</em>.</span></p>\r\n</li>\r\n</ul>\r\n</li>\r\n<li style=\"font-family: \'comic sans ms\', sans-serif;\">\r\n<p class=\"ds-markdown-paragraph\"><span style=\"font-family: \'comic sans ms\', sans-serif;\"><strong>Comparan las im&aacute;genes \"antes y despu&eacute;s\"</strong>&nbsp;para ver c&oacute;mo los detalles cambian todo.</span></p>\r\n</li>\r\n</ol>\r\n<p class=\"ds-markdown-paragraph\"><span style=\"font-family: \'comic sans ms\', sans-serif;\"><strong>Tip</strong>: Usa un \"sem&aacute;foro de detalles\":</span></p>\r\n<ul>\r\n<li style=\"font-family: \'comic sans ms\', sans-serif;\">\r\n<p class=\"ds-markdown-paragraph\"><span style=\"font-family: \'comic sans ms\', sans-serif;\"><strong>Verde</strong>: Personaje + lugar.</span></p>\r\n</li>\r\n<li style=\"font-family: \'comic sans ms\', sans-serif;\">\r\n<p class=\"ds-markdown-paragraph\"><span style=\"font-family: \'comic sans ms\', sans-serif;\"><strong>Amarillo</strong>: + Color/emoci&oacute;n.</span></p>\r\n</li>\r\n<li style=\"font-family: \'comic sans ms\', sans-serif;\">\r\n<p class=\"ds-markdown-paragraph\"><span style=\"font-family: \'comic sans ms\', sans-serif;\"><strong>Rojo</strong>: + Estilo/acci&oacute;n.</span></p>\r\n</li>\r\n</ul>\r\n<p>&nbsp;</p>\r\n<p><span style=\"font-family: \'comic sans ms\', sans-serif;\"><strong>Nota:</strong> Pueden a&ntilde;adir detalles de la siguiente manera</span></p>\r\n<p><span style=\"font-family: \'comic sans ms\', sans-serif;\"><img style=\"display: block; margin-left: auto; margin-right: auto;\" src=\"http://127.0.0.1:5000/static/img/courses/mceu_66516370211751324048074.png\" width=\"685\" height=\"361\"></span></p>\r\n<p style=\"text-align: center;\"><span style=\"font-family: \'comic sans ms\', sans-serif;\"><strong>Usando el boton \"Refine\" pueden entrar a la seccion donde mejoraran la imagen paso por paso y siguiendo los pasos de la actividad</strong></span></p>\r\n<p style=\"text-align: center;\"><span style=\"font-family: \'comic sans ms\', sans-serif;\"><strong><img src=\"http://127.0.0.1:5000/static/img/courses/escribir2.PNG\" alt=\"\" width=\"665\" height=\"352\">&nbsp;</strong></span></p>\r\n<p style=\"text-align: center;\"><span style=\"font-family: \'comic sans ms\', sans-serif;\"><strong>Usa ese recuadro para escribir y diviertete!!!</strong></span></p>\r\n<hr>\r\n<h3><span style=\"font-family: \'comic sans ms\', sans-serif;\"><strong>3.\"El Cuento Colaborativo con IA\"</strong></span></h3>\r\n<p class=\"ds-markdown-paragraph\"><span style=\"font-family: \'comic sans ms\', sans-serif;\"><strong>Objetivo</strong>: Crear una historia grupal ilustrada con WHISK.</span></p>\r\n<p class=\"ds-markdown-paragraph\"><span style=\"font-family: \'comic sans ms\', sans-serif;\"><strong>Pasos</strong>:</span></p>\r\n<ol start=\"1\">\r\n<li style=\"font-family: \'comic sans ms\', sans-serif;\">\r\n<p class=\"ds-markdown-paragraph\"><span style=\"font-family: \'comic sans ms\', sans-serif;\"><strong>Cada ni&ntilde;o escribe una oraci&oacute;n</strong>&nbsp;de un cuento en una hoja. Ejemplo:</span></p>\r\n<ul>\r\n<li style=\"font-family: \'comic sans ms\', sans-serif;\">\r\n<p class=\"ds-markdown-paragraph\"><span style=\"font-family: \'comic sans ms\', sans-serif;\"><em>\"Hab&iacute;a una princesa que odiaba los vestidos y quer&iacute;a ser astronauta\"</em>.</span></p>\r\n</li>\r\n</ul>\r\n</li>\r\n<li style=\"font-family: \'comic sans ms\', sans-serif;\">\r\n<p class=\"ds-markdown-paragraph\"><span style=\"font-family: \'comic sans ms\', sans-serif;\"><strong>Pasen la hoja al compa&ntilde;ero de al lado</strong>, quien a&ntilde;ade otra oraci&oacute;n.</span></p>\r\n</li>\r\n<li style=\"font-family: \'comic sans ms\', sans-serif;\">\r\n<p class=\"ds-markdown-paragraph\"><span style=\"font-family: \'comic sans ms\', sans-serif;\"><strong>Al final</strong>, eligen 3 escenas clave del cuento y las generan en WHISK.</span></p>\r\n</li>\r\n<li style=\"font-family: \'comic sans ms\', sans-serif;\">\r\n<p class=\"ds-markdown-paragraph\"><span style=\"font-family: \'comic sans ms\', sans-serif;\"><strong>&iexcl;Imprimen el cuento con im&aacute;genes!</strong> o pueden dibujarlo(Pueden usar Canva o pegarlo en cartulina).</span></p>\r\n</li>\r\n</ol>\r\n<p class=\"ds-markdown-paragraph\"><span style=\"font-family: \'comic sans ms\', sans-serif;\"><strong>Ejemplo de prompt</strong>:</span></p>\r\n<ul>\r\n<li style=\"font-family: \'comic sans ms\', sans-serif;\">\r\n<p class=\"ds-markdown-paragraph\"><span style=\"font-family: \'comic sans ms\', sans-serif;\"><em>\"Princesa con casco de astronauta flotando en el espacio, estilo dibujo infantil\"</em>.</span></p>\r\n</li>\r\n</ul>\r\n<hr>\r\n<h3><span style=\"font-family: \'comic sans ms\', sans-serif;\"><strong>4. \"Competencia de Prompt Perfecto\"</strong></span></h3>\r\n<p class=\"ds-markdown-paragraph\"><span style=\"font-family: \'comic sans ms\', sans-serif;\"><strong>Objetivo</strong>: Practicar precisi&oacute;n y creatividad.</span></p>\r\n<p class=\"ds-markdown-paragraph\"><span style=\"font-family: \'comic sans ms\', sans-serif;\"><strong>Din&aacute;mica</strong>:</span></p>\r\n<ol start=\"1\">\r\n<li style=\"font-family: \'comic sans ms\', sans-serif;\">\r\n<p class=\"ds-markdown-paragraph\"><span style=\"font-family: \'comic sans ms\', sans-serif;\"><strong>El profesor elige un tema</strong>&nbsp;(ej:&nbsp;<em>\"animales en una misi&oacute;n secreta\"</em>).</span></p>\r\n</li>\r\n<li style=\"font-family: \'comic sans ms\', sans-serif;\">\r\n<p class=\"ds-markdown-paragraph\"><span style=\"font-family: \'comic sans ms\', sans-serif;\"><strong>Los ni&ntilde;os tienen 2 minutos</strong>&nbsp;para escribir su prompt.</span></p>\r\n</li>\r\n<li style=\"font-family: \'comic sans ms\', sans-serif;\">\r\n<p class=\"ds-markdown-paragraph\"><span style=\"font-family: \'comic sans ms\', sans-serif;\"><strong>Generan las im&aacute;genes</strong>&nbsp;y votan por:</span></p>\r\n<ul>\r\n<li style=\"font-family: \'comic sans ms\', sans-serif;\">\r\n<p class=\"ds-markdown-paragraph\"><span style=\"font-family: \'comic sans ms\', sans-serif;\"><strong>El m&aacute;s divertido</strong>.</span></p>\r\n</li>\r\n<li style=\"font-family: \'comic sans ms\', sans-serif;\">\r\n<p class=\"ds-markdown-paragraph\"><span style=\"font-family: \'comic sans ms\', sans-serif;\"><strong>El m&aacute;s realista</strong>.</span></p>\r\n</li>\r\n<li style=\"font-family: \'comic sans ms\', sans-serif;\">\r\n<p class=\"ds-markdown-paragraph\"><span style=\"font-family: \'comic sans ms\', sans-serif;\"><strong>El m&aacute;s colorido</strong>.</span></p>\r\n</li>\r\n</ul>\r\n</li>\r\n</ol>\r\n<p class=\"ds-markdown-paragraph\"><span style=\"font-family: \'comic sans ms\', sans-serif;\"><strong>Ejemplos de prompts ganadores</strong>:</span></p>\r\n<ul>\r\n<li style=\"font-family: \'comic sans ms\', sans-serif;\">\r\n<p class=\"ds-markdown-paragraph\"><span style=\"font-family: \'comic sans ms\', sans-serif;\"><em>\"Un pulpo con gafas de esp&iacute;a robando la receta de la pizza secreta, estilo c&oacute;mic\"</em>.</span></p>\r\n</li>\r\n<li style=\"font-family: \'comic sans ms\', sans-serif;\">\r\n<p class=\"ds-markdown-paragraph\"><span style=\"font-family: \'comic sans ms\', sans-serif;\"><em>\"Jirafa bombero apagando un incendio de algod&oacute;n de az&uacute;car\"</em>.</span></p>\r\n</li>\r\n</ul>\r\n<hr>\r\n<h3><span style=\"font-family: \'comic sans ms\', sans-serif;\"><strong>5.\"El Museo de WHISK\"</strong></span></h3>\r\n<p class=\"ds-markdown-paragraph\"><span style=\"font-family: \'comic sans ms\', sans-serif;\"><strong>Objetivo</strong>: Reflexionar sobre c&oacute;mo los peque&ntilde;os cambios afectan las im&aacute;genes.</span></p>\r\n<p class=\"ds-markdown-paragraph\"><span style=\"font-family: \'comic sans ms\', sans-serif;\"><strong>Actividad</strong>:</span></p>\r\n<ol start=\"1\">\r\n<li style=\"font-family: \'comic sans ms\', sans-serif;\">\r\n<p class=\"ds-markdown-paragraph\"><span style=\"font-family: \'comic sans ms\', sans-serif;\"><strong>Cada ni&ntilde;o escribe el mismo prompt base</strong>&nbsp;(ej:&nbsp;<em>\"un perro en la playa\"</em>).</span></p>\r\n</li>\r\n<li style=\"font-family: \'comic sans ms\', sans-serif;\">\r\n<p class=\"ds-markdown-paragraph\"><span style=\"font-family: \'comic sans ms\', sans-serif;\"><strong>Luego, a&ntilde;aden UN detalle diferente cada uno</strong>:</span></p>\r\n<ul>\r\n<li style=\"font-family: \'comic sans ms\', sans-serif;\">\r\n<p class=\"ds-markdown-paragraph\"><span style=\"font-family: \'comic sans ms\', sans-serif;\"><em>\"Perro&nbsp;<strong>dorado</strong>&nbsp;en la playa\"</em>.</span></p>\r\n</li>\r\n<li style=\"font-family: \'comic sans ms\', sans-serif;\">\r\n<p class=\"ds-markdown-paragraph\"><span style=\"font-family: \'comic sans ms\', sans-serif;\"><em>\"Perro en la playa&nbsp;<strong>con un sombrero</strong>\"</em>.</span></p>\r\n</li>\r\n<li style=\"font-family: \'comic sans ms\', sans-serif;\">\r\n<p class=\"ds-markdown-paragraph\"><span style=\"font-family: \'comic sans ms\', sans-serif;\"><em>\"Perro en la playa&nbsp;<strong>al atardecer</strong>\"</em>.</span></p>\r\n</li>\r\n</ul>\r\n</li>\r\n<li style=\"font-family: \'comic sans ms\', sans-serif;\">\r\n<p class=\"ds-markdown-paragraph\"><span style=\"font-family: \'comic sans ms\', sans-serif;\"><strong>Generan todas las im&aacute;genes</strong>&nbsp;y las comparan en una \"galer&iacute;a\" (pueden pegarlas en la pared).</span></p>\r\n</li>\r\n</ol>\r\n<p class=\"ds-markdown-paragraph\"><span style=\"font-family: \'comic sans ms\', sans-serif;\"><strong>Conclusi&oacute;n</strong>: &iexcl;Un mismo prompt puede dar resultados totalmente distintos!</span></p>\r\n<hr>\r\n<h3><span style=\"font-family: \'comic sans ms\', sans-serif;\"><strong>✨ Tips para Ni&ntilde;os: C&oacute;mo Hacer un Prompt \"Top\"</strong></span></h3>\r\n<ol start=\"1\">\r\n<li style=\"font-family: \'comic sans ms\', sans-serif;\">\r\n<p class=\"ds-markdown-paragraph\"><span style=\"font-family: \'comic sans ms\', sans-serif;\"><strong>&iexcl;S&eacute; ESPEC&Iacute;FICO!</strong>&nbsp;No digas&nbsp;<em>\"un p&aacute;jaro\"</em>, di&nbsp;<em>\"un p&aacute;jaro azul cantando en la rama de un &aacute;rbol\"</em>.</span></p>\r\n</li>\r\n<li style=\"font-family: \'comic sans ms\', sans-serif;\">\r\n<p class=\"ds-markdown-paragraph\"><span style=\"font-family: \'comic sans ms\', sans-serif;\"><strong>Usa ADJETIVOS</strong>:&nbsp;<em>\"gigante\", \"brillante\", \"misterioso\"</em>.</span></p>\r\n</li>\r\n<li style=\"font-family: \'comic sans ms\', sans-serif;\">\r\n<p class=\"ds-markdown-paragraph\"><span style=\"font-family: \'comic sans ms\', sans-serif;\"><strong>Elige un ESTILO</strong>:&nbsp;<em>\"como de cuento de hadas\", \"realista\", \"animado\"</em>.</span></p>\r\n</li>\r\n<li style=\"font-family: \'comic sans ms\', sans-serif;\">\r\n<p class=\"ds-markdown-paragraph\"><span style=\"font-family: \'comic sans ms\', sans-serif;\"><strong>Pide ayuda a WHISK</strong>: Si no sale bien, &iexcl;ajusta las palabras! (Ej:&nbsp;<em>\"ahora con m&aacute;s colores\"</em>).</span></p>\r\n</li>\r\n</ol>\r\n<hr>\r\n<p class=\"ds-markdown-paragraph\"><span style=\"font-family: \'comic sans ms\', sans-serif;\"><strong>&iexcl;Recuerden!</strong>&nbsp;WHISK es como un&nbsp;<strong>\"l&aacute;piz m&aacute;gico\"</strong>: cuanto mejor le expliquen, m&aacute;s incre&iacute;bles ser&aacute;n sus dibujos. &iquest;Listos para crear? ????</span></p>', 6),
(12, 'Capitulo 1: ¿Qué es deepseek?', '<p dir=\"ltr\" data-pm-slice=\"1 1 []\" style=\"text-align: left;\"><span style=\"font-family: \'comic sans ms\', sans-serif; font-size: 14pt;\">DeepSeek es muy vers&aacute;til y puede ayudarte con muchas tareas. Aqu&iacute; hay algunos ejemplos de lo que puede hacer:</span></p>\r\n<ul class=\"tight\" dir=\"ltr\" data-tight=\"true\">\r\n<li style=\"font-family: \'comic sans ms\', sans-serif;\">\r\n<p dir=\"ltr\"><span style=\"font-family: \'comic sans ms\', sans-serif; font-size: 12pt;\"><strong>Responder preguntas: </strong>Puedes preguntarle sobre cualquier tema, como \"&iquest;Qu&eacute; es la fotos&iacute;ntesis?\" o \"&iquest;Qui&eacute;n invent&oacute; la bombilla?\".</span></p>\r\n</li>\r\n<li style=\"font-family: \'comic sans ms\', sans-serif; font-size: 12pt;\">\r\n<p dir=\"ltr\"><span style=\"font-family: \'comic sans ms\', sans-serif; font-size: 12pt;\"><strong>Ayudar con la tarea: </strong>DeepSeek puede explicar conceptos de matem&aacute;ticas, ciencias o historia de manera que los entiendas f&aacute;cilmente.</span></p>\r\n</li>\r\n<li style=\"font-family: \'comic sans ms\', sans-serif; font-size: 12pt;\">\r\n<p dir=\"ltr\"><span style=\"font-family: \'comic sans ms\', sans-serif; font-size: 12pt;\"><strong>Crear contenido creativo:</strong> Si necesitas ideas para una historia, un poema o un proyecto, DeepSeek puede ayudarte a empezar o continuar.</span></p>\r\n</li>\r\n<li style=\"font-family: \'comic sans ms\', sans-serif; font-size: 12pt;\">\r\n<p dir=\"ltr\"><span style=\"font-family: \'comic sans ms\', sans-serif; font-size: 12pt;\"><strong>Practicar idiomas:</strong> Puedes conversar con DeepSeek en otro idioma, como ingl&eacute;s, para mejorar tus habilidades.</span></p>\r\n</li>\r\n<li style=\"font-family: \'comic sans ms\', sans-serif; font-size: 12pt;\">\r\n<p dir=\"ltr\"><span style=\"font-family: \'comic sans ms\', sans-serif; font-size: 12pt;\"><strong>Apoyo en programaci&oacute;n:</strong> Aunque esto puede ser m&aacute;s avanzado, DeepSeek tiene un modelo especial llamado DeepSeek Coder que puede explicar conceptos b&aacute;sicos de programaci&oacute;n.</span></p>\r\n</li>\r\n</ul>\r\n<p dir=\"ltr\"><strong><span style=\"font-family: \'comic sans ms\', sans-serif;\">DeepSeek funciona a trav&eacute;s de un chat en su sitio web (DeepSeek Chat) o una aplicaci&oacute;n m&oacute;vil, donde puedes escribir tus preguntas y recibir respuestas. Es como hablar con un amigo muy sabio, pero es importante usarlo con cuidado y bajo supervisi&oacute;n.</span></strong></p>\r\n<p dir=\"ltr\"><strong><span style=\"font-family: \'comic sans ms\', sans-serif;\"></span></strong></p>\r\n<p dir=\"auto\"><span style=\"font-family: \'comic sans ms\', sans-serif; font-size: 14pt;\"><strong>Puntos clave:</strong></span></p>\r\n<ul dir=\"auto\">\r\n<li style=\"font-family: \'comic sans ms\', sans-serif; font-size: 12pt; text-align: justify;\"><span style=\"font-family: \'comic sans ms\', sans-serif; font-size: 12pt;\">DeepSeek es un programa de inteligencia artificial que act&uacute;a como un asistente inteligente, capaz de responder preguntas y ayudar con tareas escolares.</span></li>\r\n<li style=\"font-family: \'comic sans ms\', sans-serif; font-size: 12pt; text-align: justify;\"><span style=\"font-family: \'comic sans ms\', sans-serif; font-size: 12pt;\">Puede ayudar con temas como ciencias, matem&aacute;ticas, historia y escritura creativa, pero debe usarse bajo supervisi&oacute;n debido a posibles riesgos de contenido inapropiado.</span></li>\r\n<li style=\"font-family: \'comic sans ms\', sans-serif; font-size: 12pt; text-align: justify;\"><span style=\"font-family: \'comic sans ms\', sans-serif; font-size: 12pt;\">Los estudiantes pueden realizar actividades divertidas como explorar conceptos cient&iacute;ficos, escribir historias o practicar vocabulario con DeepSeek.</span></li>\r\n<li style=\"font-family: \'comic sans ms\', sans-serif; font-size: 12pt; text-align: justify;\"><span style=\"font-family: \'comic sans ms\', sans-serif; font-size: 12pt;\">Es importante formular preguntas claras y espec&iacute;ficas para obtener las mejores respuestas de DeepSeek.</span></li>\r\n</ul>\r\n<p dir=\"ltr\"><span style=\"font-family: \'comic sans ms\', sans-serif;\">&nbsp;</span></p>\r\n<p dir=\"ltr\">&nbsp;</p>\r\n<p dir=\"ltr\">&nbsp;</p>', 2),
(13, 'Capitulo 2: Actividades con DeepSeek', '<p dir=\"ltr\" data-pm-slice=\"1 1 []\"><span style=\"font-family: \'comic sans ms\', sans-serif;\">Aqu&iacute; tienes cinco actividades divertidas y educativas que puedes hacer con DeepSeek usando su chat. Estas actividades est&aacute;n dise&ntilde;adas para que aprendas mientras te diviertes.</span></p>\r\n<h3 dir=\"ltr\"><span style=\"font-family: \'comic sans ms\', sans-serif;\">1. <span style=\"font-size: 18pt;\">Explorador de ciencias</span></span></h3>\r\n<p dir=\"ltr\"><span style=\"font-family: \'comic sans ms\', sans-serif;\"><strong>Descripci&oacute;n:</strong> Usa DeepSeek para aprender sobre un tema cient&iacute;fico que est&eacute;s estudiando en la escuela, como el ciclo del agua, los planetas o los volcanes.</span></p>\r\n<p dir=\"ltr\"><span style=\"font-family: \'comic sans ms\', sans-serif;\"><strong>Ejemplo de pregunta:</strong> \"DeepSeek, &iquest;puedes explicarme c&oacute;mo se forma un arco&iacute;ris?\"</span></p>\r\n<p dir=\"ltr\"><span style=\"font-family: \'comic sans ms\', sans-serif;\"><strong>C&oacute;mo hacerlo:</strong> Escribe tu pregunta en el chat de DeepSeek. Lee la respuesta y, si quieres, haz un dibujo o un experimento basado en lo que aprendiste. Por ejemplo, puedes intentar hacer un arco&iacute;ris en casa con un vaso de agua y una linterna.</span></p>\r\n<h3 dir=\"ltr\"><span style=\"font-family: \'comic sans ms\', sans-serif;\">2. <span style=\"font-size: 18pt;\">Detective de historia</span></span></h3>\r\n<p dir=\"ltr\"><span style=\"font-family: \'comic sans ms\', sans-serif;\"><strong>Descripci&oacute;n:</strong> Imagina que puedes entrevistar a un personaje hist&oacute;rico, como Sim&oacute;n Bol&iacute;var, Frida Kahlo o Albert Einstein. Usa DeepSeek para hacer preguntas como si fuera ese personaje.</span></p>\r\n<p dir=\"ltr\"><span style=\"font-family: \'comic sans ms\', sans-serif;\"><strong>Ejemplo de pregunta:</strong> \"DeepSeek, si fueras Frida Kahlo, &iquest;qu&eacute; me dir&iacute;as sobre tu vida como artista?\"</span></p>\r\n<p dir=\"ltr\"><span style=\"font-family: \'comic sans ms\', sans-serif;\"><strong>C&oacute;mo hacerlo:</strong> Escribe preguntas espec&iacute;ficas sobre la vida o los logros del personaje. Usa las respuestas para crear un p&oacute;ster o una presentaci&oacute;n sobre lo que aprendiste.</span></p>\r\n<h3 dir=\"ltr\"><span style=\"font-family: \'comic sans ms\', sans-serif;\">3. <span style=\"font-size: 18pt;\">Escritor creativo</span></span></h3>\r\n<p dir=\"ltr\"><span style=\"font-family: \'comic sans ms\', sans-serif;\"><strong>Descripci&oacute;n:</strong> Comienza una historia y p&iacute;dele a DeepSeek que la contin&uacute;e. Esto es genial para practicar tu creatividad.</span></p>\r\n<p dir=\"ltr\"><span style=\"font-family: \'comic sans ms\', sans-serif;\"><strong>Ejemplo de pregunta:</strong> \"&Eacute;rase una vez un drag&oacute;n que viv&iacute;a en una monta&ntilde;a m&aacute;gica. &iquest;Qu&eacute; pas&oacute; despu&eacute;s?\"</span></p>\r\n<p dir=\"ltr\"><span style=\"font-family: \'comic sans ms\', sans-serif;\"><strong>C&oacute;mo hacerlo:</strong> Escribe el inicio de una historia en el chat y pide a DeepSeek que la contin&uacute;e. Luego, puedes dibujar las escenas de la historia o compartirla con tus amigos.</span></p>\r\n<h3 dir=\"ltr\"><span style=\"font-family: \'comic sans ms\', sans-serif;\">4. <span style=\"font-size: 18pt;\">Genio de matem&aacute;ticas</span></span></h3>\r\n<p dir=\"ltr\"><span style=\"font-family: \'comic sans ms\', sans-serif;\"><strong>Descripci&oacute;n:</strong> P&iacute;dele a DeepSeek que te explique un concepto matem&aacute;tico o que te ayude con un problema.</span></p>\r\n<p dir=\"ltr\"><span style=\"font-family: \'comic sans ms\', sans-serif;\"><strong>Ejemplo de pregunta:</strong> \"DeepSeek, &iquest;c&oacute;mo sumo fracciones con diferentes denominadores?\"</span></p>\r\n<p dir=\"ltr\"><span style=\"font-family: \'comic sans ms\', sans-serif;\"><strong>C&oacute;mo hacerlo:</strong> Escribe el problema o concepto que no entiendes. Lee la explicaci&oacute;n de DeepSeek y practica con m&aacute;s ejemplos. Puedes pedirle a DeepSeek que te d&eacute; problemas adicionales para resolver.</span></p>\r\n<h3 dir=\"ltr\"><span style=\"font-family: \'comic sans ms\', sans-serif;\">5. <span style=\"font-size: 18pt;\">Constructor de vocabulario</span></span></h3>\r\n<p dir=\"ltr\"><span style=\"font-family: \'comic sans ms\', sans-serif;\"><strong>Descripci&oacute;n:</strong> Aprende palabras nuevas pidi&eacute;ndole a DeepSeek sus significados o ejemplos de uso.</span></p>\r\n<p dir=\"ltr\"><span style=\"font-family: \'comic sans ms\', sans-serif;\"><strong>Ejemplo de pregunta:</strong> \"&iquest;Qu&eacute; significa \'ecosistema\'? &iquest;Puedes usarlo en una oraci&oacute;n?\"</span></p>\r\n<p dir=\"ltr\"><span style=\"font-family: \'comic sans ms\', sans-serif;\"><strong>C&oacute;mo hacerlo:</strong> Haz una lista de palabras nuevas de tus clases y p&iacute;dele a DeepSeek que te las explique. Luego, intenta usar esas palabras en tus propias oraciones.</span></p>\r\n<p dir=\"ltr\" style=\"text-align: center;\"><strong><span style=\"font-family: \'comic sans ms\', sans-serif; font-size: 18pt;\">&iquest;Como hacerlo?</span></strong></p>\r\n<p dir=\"ltr\" style=\"text-align: center;\"><strong><span style=\"font-family: \'comic sans ms\', sans-serif; font-size: 18pt;\">1.<span style=\"font-size: 14pt;\"><span style=\"font-family: \'comic sans ms\', sans-serif;\">Tendras que acceder a deepseek lo puedes hacer a travez del enlace externo que tienes en el inicio o menu del curso!!!</span></span></span></strong></p>\r\n<p dir=\"ltr\" style=\"text-align: center;\"><strong><span style=\"font-family: \'comic sans ms\', sans-serif; font-size: 18pt;\"><img src=\"/static/img/courses/deepseek2.PNG\" alt=\"\" width=\"673\" height=\"379\"></span></strong></p>\r\n<p style=\"text-align: center;\"><span style=\"font-size: 14pt;\"><strong><span style=\"font-family: \'comic sans ms\', sans-serif;\">2.Luego tendras que iniciar sesion con ayuda de tu profesor podras hacerlo&nbsp;</span></strong></span></p>\r\n<p dir=\"ltr\" style=\"text-align: center;\"><strong><span style=\"font-family: \'comic sans ms\', sans-serif; font-size: 18pt;\"><img src=\"/static/img/courses/mceu_20279475911751348107842.png\" width=\"744\" height=\"391\"></span></strong></p>\r\n<p dir=\"ltr\" style=\"text-align: center;\"><span style=\"font-size: 14pt;\"><strong><span style=\"font-family: \'comic sans ms\', sans-serif;\">3.Al iniciar sesion estaras en esta pagina:</span></strong></span></p>\r\n<p dir=\"ltr\" style=\"text-align: center;\"><span style=\"font-size: 14pt;\"><strong><span style=\"font-family: \'comic sans ms\', sans-serif;\"><img src=\"/static/img/courses/mceu_67179219621751349760685.png\" width=\"701\" height=\"394\"></span></strong></span></p>\r\n<p dir=\"ltr\" style=\"text-align: center;\"><span style=\"font-size: 14pt;\"><strong><span style=\"font-family: \'comic sans ms\', sans-serif;\">Usar&aacute;s el recuadro se&ntilde;alado por las flechas para hablar y </span></strong></span></p>\r\n<p dir=\"ltr\" style=\"text-align: center;\"><span style=\"font-size: 14pt;\"><strong><span style=\"font-family: \'comic sans ms\', sans-serif;\">preguntarle muchas cosas a deepseek, </span></strong></span></p>\r\n<p dir=\"ltr\" style=\"text-align: center;\"><span style=\"font-size: 14pt;\"><strong><span style=\"font-family: \'comic sans ms\', sans-serif;\">&iexcl;&iexcl;Que comience la&nbsp;&nbsp;diversi&oacute;n!</span></strong></span><span style=\"font-size: 14pt;\"><strong><span style=\"font-family: \'comic sans ms\', sans-serif;\">!</span></strong></span></p>\r\n<p dir=\"ltr\" style=\"text-align: center;\">&nbsp;</p>\r\n<p dir=\"ltr\" style=\"text-align: center;\">&nbsp;</p>\r\n<p dir=\"ltr\" style=\"text-align: center;\">&nbsp;</p>\r\n<p dir=\"ltr\" style=\"text-align: center;\">&nbsp;</p>\r\n<p dir=\"ltr\" style=\"text-align: center;\">&nbsp;</p>', 2),
(14, 'Capitulo 3: cómo hacer mejores preguntas', '<p dir=\"ltr\"><strong><span style=\"font-family: \'comic sans ms\', sans-serif; font-size: 14pt;\">Para obtener las mejores respuestas de DeepSeek, es importante hacer preguntas claras y espec&iacute;ficas. Aqu&iacute; tienes algunos consejos para mejorar tus preguntas:</span></strong></p>\r\n<ul class=\"tight\" dir=\"ltr\" data-tight=\"true\">\r\n<li style=\"font-family: \'comic sans ms\', sans-serif;\">\r\n<p dir=\"ltr\"><span style=\"font-family: \'comic sans ms\', sans-serif;\"><strong>S&eacute; espec&iacute;fico:</strong> Las preguntas vagas pueden dar respuestas generales. Por ejemplo, en lugar de preguntar \"&iquest;Qu&eacute; es la ciencia?\", pregunta \"&iquest;C&oacute;mo funcionan los imanes?\".</span></p>\r\n</li>\r\n<li style=\"font-family: \'comic sans ms\', sans-serif;\">\r\n<p dir=\"ltr\"><span style=\"font-family: \'comic sans ms\', sans-serif;\"><strong>Da contexto:</strong> Si est&aacute;s pidiendo ayuda con la tarea, incluye detalles como \"Estoy en 6to grado y necesito saber sobre el sistema solar\".</span></p>\r\n</li>\r\n<li style=\"font-family: \'comic sans ms\', sans-serif;\">\r\n<p dir=\"ltr\"><span style=\"font-family: \'comic sans ms\', sans-serif;\"><strong>Usa palabras claras:</strong> Evita jerga o palabras complicadas que puedan confundir a DeepSeek. Por ejemplo, di \"explica\" en lugar de \"dime todo sobre\".</span></p>\r\n</li>\r\n<li style=\"font-family: \'comic sans ms\', sans-serif;\">\r\n<p dir=\"ltr\"><span style=\"font-family: \'comic sans ms\', sans-serif;\"><strong>Divide preguntas grandes:</strong> Si tienes una pregunta complicada, div&iacute;dela en partes. Por ejemplo, en lugar de preguntar \"&iquest;C&oacute;mo funciona el cuerpo humano?\", pregunta primero \"&iquest;Qu&eacute; hace el coraz&oacute;n?\" y luego \"&iquest;C&oacute;mo respiran los pulmones?\".</span></p>\r\n</li>\r\n<li style=\"font-family: \'comic sans ms\', sans-serif;\">\r\n<p dir=\"ltr\"><span style=\"font-family: \'comic sans ms\', sans-serif;\"><strong>Verifica las respuestas:</strong> DeepSeek es muy inteligente, pero no siempre es perfecto. Revisa las respuestas importantes con tu maestro, padres o libros confiables.</span></p>\r\n</li>\r\n<li style=\"font-family: \'comic sans ms\', sans-serif; text-align: left;\">\r\n<p dir=\"ltr\">&nbsp;</p>\r\n<span style=\"font-size: 14pt;\"><strong>Por Ejemplo:</strong></span></li>\r\n</ul>\r\n<table style=\"border-collapse: collapse; background-color: #ffffff; width: 64.1645%; margin-left: auto; margin-right: auto; border: 1px dotted #000000;\" border=\"1\" data-pm-slice=\"1 1 []\"><colgroup><col style=\"width: 28.2199%;\"><col style=\"width: 35.3076%;\"><col style=\"width: 36.4889%;\"></colgroup>\r\n<thead>\r\n<tr class=\"border-border\" style=\"border-style: dashed;\">\r\n<td style=\"border-color: #000000;\">\r\n<p dir=\"ltr\"><span style=\"font-family: \'comic sans ms\', sans-serif;\">Actividad</span></p>\r\n</td>\r\n<td style=\"border-color: #000000;\">\r\n<p dir=\"ltr\"><span style=\"font-family: \'comic sans ms\', sans-serif;\">Descripci&oacute;n</span></p>\r\n</td>\r\n<td style=\"border-color: #000000;\">\r\n<p dir=\"ltr\"><span style=\"font-family: \'comic sans ms\', sans-serif;\">Ejemplo de Pregunta</span></p>\r\n</td>\r\n</tr>\r\n<tr class=\"border-border\" style=\"border-style: dashed;\">\r\n<td style=\"border-color: #000000;\">\r\n<p dir=\"ltr\"><span style=\"font-family: \'comic sans ms\', sans-serif;\">Explorador de ciencias</span></p>\r\n</td>\r\n<td style=\"border-color: #000000;\">\r\n<p dir=\"ltr\"><span style=\"font-family: \'comic sans ms\', sans-serif;\">Aprende sobre temas cient&iacute;ficos</span></p>\r\n</td>\r\n<td style=\"border-color: #000000;\">\r\n<p dir=\"ltr\"><span style=\"font-family: \'comic sans ms\', sans-serif;\">&iquest;C&oacute;mo se forma un arco&iacute;ris?</span></p>\r\n</td>\r\n</tr>\r\n<tr class=\"border-border\" style=\"border-style: dashed;\">\r\n<td style=\"border-color: #000000;\">\r\n<p dir=\"ltr\"><span style=\"font-family: \'comic sans ms\', sans-serif;\">Detective de historia</span></p>\r\n</td>\r\n<td style=\"border-color: #000000;\">\r\n<p dir=\"ltr\"><span style=\"font-family: \'comic sans ms\', sans-serif;\">Entrevista a personajes hist&oacute;ricos</span></p>\r\n</td>\r\n<td style=\"border-color: #000000;\">\r\n<p dir=\"ltr\"><span style=\"font-family: \'comic sans ms\', sans-serif;\">Si fueras Frida Kahlo, &iquest;qu&eacute; dir&iacute;as?</span></p>\r\n</td>\r\n</tr>\r\n<tr class=\"border-border\" style=\"border-style: dashed;\">\r\n<td style=\"border-color: #000000;\">\r\n<p dir=\"ltr\"><span style=\"font-family: \'comic sans ms\', sans-serif;\">Escritor creativo</span></p>\r\n</td>\r\n<td style=\"border-color: #000000;\">\r\n<p dir=\"ltr\"><span style=\"font-family: \'comic sans ms\', sans-serif;\">Crea historias con DeepSeek</span></p>\r\n</td>\r\n<td style=\"border-color: #000000;\">\r\n<p dir=\"ltr\"><span style=\"font-family: \'comic sans ms\', sans-serif;\">Contin&uacute;a: &Eacute;rase una vez un drag&oacute;n...</span></p>\r\n</td>\r\n</tr>\r\n<tr class=\"border-border\" style=\"border-style: dashed;\">\r\n<td style=\"border-color: #000000;\">\r\n<p dir=\"ltr\"><span style=\"font-family: \'comic sans ms\', sans-serif;\">Genio de matem&aacute;ticas</span></p>\r\n</td>\r\n<td style=\"border-color: #000000;\">\r\n<p dir=\"ltr\"><span style=\"font-family: \'comic sans ms\', sans-serif;\">Explicaciones de matem&aacute;ticas</span></p>\r\n</td>\r\n<td style=\"border-color: #000000;\">\r\n<p dir=\"ltr\"><span style=\"font-family: \'comic sans ms\', sans-serif;\">&iquest;C&oacute;mo sumo fracciones?</span></p>\r\n</td>\r\n</tr>\r\n<tr class=\"border-border\" style=\"border-style: dashed;\">\r\n<td style=\"border-color: #000000;\">\r\n<p dir=\"ltr\"><span style=\"font-family: \'comic sans ms\', sans-serif;\">Constructor de vocabulario</span></p>\r\n</td>\r\n<td style=\"border-color: #000000;\">\r\n<p dir=\"ltr\"><span style=\"font-family: \'comic sans ms\', sans-serif;\">Aprende palabras nuevas</span></p>\r\n</td>\r\n<td style=\"border-color: #000000;\">\r\n<p dir=\"ltr\"><span style=\"font-family: \'comic sans ms\', sans-serif;\">&iquest;Qu&eacute; significa \'ecosistema\'?</span></p>\r\n</td>\r\n</tr>\r\n</thead>\r\n</table>\r\n<p comic=\"\" sans=\"\" ms\",=\"\" sans-serif;\"=\"\">&nbsp;</p>\r\n<p comic=\"\" sans=\"\" ms\",=\"\" sans-serif;\"=\"\"><span style=\"font-size: 18pt;\"><strong><span style=\"font-family: \'comic sans ms\', sans-serif;\">Nota de seguridad:</span></strong></span></p>\r\n<p dir=\"ltr\"><span style=\"font-family: \'comic sans ms\', sans-serif;\">DeepSeek es una herramienta poderosa, pero debe usarse con cuidado, especialmente por estudiantes j&oacute;venes. Aqu&iacute; hay algunas reglas importantes:</span></p>\r\n<ul class=\"tight\" data-tight=\"true\" dir=\"ltr\">\r\n<li style=\"font-family: \'comic sans ms\', sans-serif;\">\r\n<p dir=\"ltr\"><span style=\"font-family: \'comic sans ms\', sans-serif;\"><strong>No compartas informaci&oacute;n personal:</strong> Nunca des tu nombre, direcci&oacute;n, n&uacute;mero de tel&eacute;fono u otros datos personales en el chat.</span></p>\r\n</li>\r\n<li style=\"font-family: \'comic sans ms\', sans-serif;\">\r\n<p dir=\"ltr\"><span style=\"font-family: \'comic sans ms\', sans-serif;\"><strong>Revisa las respuestas:</strong> DeepSeek puede cometer errores o, en raras ocasiones, dar respuestas inapropiadas. Si algo parece extra&ntilde;o, d&iacute;selo a un adulto.</span></p>\r\n</li>\r\n<li style=\"font-family: \'comic sans ms\', sans-serif;\">\r\n<p dir=\"ltr\"><span style=\"font-family: \'comic sans ms\', sans-serif;\"><strong>Usa DeepSeek con supervisi&oacute;n:</strong> Siempre usa DeepSeek con un maestro o tus padres cerca para asegurarte de que todo est&eacute; bien.</span></p>\r\n</li>\r\n<li style=\"font-family: \'comic sans ms\', sans-serif;\">\r\n<p dir=\"ltr\"><span style=\"font-family: \'comic sans ms\', sans-serif;\"><strong>S&eacute; consciente de los riesgos:</strong> Algunas fuentes han se&ntilde;alado que DeepSeek puede ser vulnerable a generar contenido inapropiado si se usa de manera incorrecta (DeepSeek Explained). Por eso, es crucial seguir las instrucciones de tu maestro.</span></p>\r\n</li>\r\n</ul>\r\n<p comic=\"\" sans=\"\" ms\",=\"\" sans-serif;\"=\"\">&nbsp;</p>', 2),
(15, 'Capitulo 4 : Técnicas avanzadas!!!', '<h3><span style=\"font-family: \'comic sans ms\', sans-serif;\"><strong>Cap&iacute;tulo 4: &iexcl;T&eacute;cnicas Avanzadas con WHISK! &ndash; Aprende a Refinar tus Im&aacute;genes</strong> ✨</span></h3>\r\n<p class=\"ds-markdown-paragraph\"><span style=\"font-family: \'comic sans ms\', sans-serif;\"><strong>Objetivo</strong>: Aprender a usar el bot&oacute;n&nbsp;<strong>\"Refine\"</strong>&nbsp;(o \"Refinar\") para mejorar nuestras im&aacute;genes con detalles especiales.</span></p>\r\n<hr>\r\n<h3><span style=\"font-family: \'comic sans ms\', sans-serif;\"><strong>&nbsp;&iquest;Qu&eacute; es \"Refinar\" en WHISK?</strong></span></h3>\r\n<p class=\"ds-markdown-paragraph\"><span style=\"font-family: \'comic sans ms\', sans-serif;\">Es como&nbsp;<strong>\"darle una segunda oportunidad\"</strong>&nbsp;a tu imagen. Si te gust&oacute; pero le falta algo (&iexcl;como m&aacute;s colores, un personaje extra o un fondo m&aacute;s divertido!), puedes pedirle a WHISK que la&nbsp;<strong>mejore</strong>&nbsp;sin empezar desde cero.</span></p>\r\n<p class=\"ds-markdown-paragraph\"><span style=\"font-family: \'comic sans ms\', sans-serif;\"><strong>Ejemplo</strong>:</span></p>\r\n<ul>\r\n<li style=\"font-family: \'comic sans ms\', sans-serif;\">\r\n<p class=\"ds-markdown-paragraph\"><span style=\"font-family: \'comic sans ms\', sans-serif;\"><strong>Primer intento</strong>:&nbsp;<em>\"Un perro en el espacio\"</em>&nbsp;&rarr; Sale un perro flotando, pero el espacio se ve vac&iacute;o.</span></p>\r\n</li>\r\n<li style=\"font-family: \'comic sans ms\', sans-serif;\">\r\n<p class=\"ds-markdown-paragraph\"><span style=\"font-family: \'comic sans ms\', sans-serif;\"><strong>Refinar</strong>:&nbsp;<em>\"A&ntilde;ade estrellas brillantes, un planeta de fondo y un traje de astronauta al perro\"</em>.</span></p>\r\n</li>\r\n</ul>\r\n<hr>\r\n<h3><span style=\"font-family: \'comic sans ms\', sans-serif;\"><strong>&nbsp;C&oacute;mo Usar el Bot&oacute;n \"Refine\" (Paso a Paso)</strong></span></h3>\r\n<ol start=\"1\">\r\n<li style=\"font-family: \'comic sans ms\', sans-serif;\">\r\n<p class=\"ds-markdown-paragraph\"><span style=\"font-family: \'comic sans ms\', sans-serif;\"><strong>Genera tu primera imagen</strong>&nbsp;(ej:&nbsp;<em>\"una casa encantada en el bosque\"</em>).</span></p>\r\n</li>\r\n<li style=\"font-family: \'comic sans ms\', sans-serif;\">\r\n<p class=\"ds-markdown-paragraph\"><span style=\"font-family: \'comic sans ms\', sans-serif;\"><strong>Si te gusta pero quieres mejorarla</strong>, busca el bot&oacute;n&nbsp;<strong>\"Refine\"</strong>&nbsp;(puede decir \"Mejorar\", \"Editar\" o tener un icono de ✏️).</span></p>\r\n</li>\r\n</ol>\r\n<p comic=\"\" sans=\"\" ms\",=\"\" sans-serif;\"=\"\"><span style=\"font-family: \'comic sans ms\', sans-serif;\"><img style=\"display: block; margin-left: auto; margin-right: auto;\" src=\"http://127.0.0.1:5000/static/img/courses/mceu_82682857621752216145675.png\" width=\"594\" height=\"334\"></span></p>\r\n<ol start=\"1\">\r\n<li style=\"font-family: \'comic sans ms\', sans-serif;\">\r\n<p class=\"ds-markdown-paragraph\"><span style=\"font-family: \'comic sans ms\', sans-serif;\"><strong>Escribe nuevos detalles</strong>&nbsp;en la caja de texto:</span></p>\r\n<p comic=\"\" sans=\"\" ms\",=\"\" sans-serif;\"=\"\"><span style=\"font-family: \'comic sans ms\', sans-serif;\"><strong><img style=\"display: block; margin-left: auto; margin-right: auto;\" src=\"http://127.0.0.1:5000/static/img/courses/mceu_79666796131752216519909.png\" width=\"631\" height=\"355\"></strong></span></p>\r\n<ul>\r\n<li style=\"font-family: \'comic sans ms\', sans-serif;\"><span style=\"font-family: \'comic sans ms\', sans-serif;\"><strong>Ejemplo</strong>:&nbsp;<em>\"A&ntilde;ade fantasmas divertidos en las ventanas, una luna gigante y &aacute;rboles con caras\"</em>.</span></li>\r\n</ul>\r\n<p>&nbsp;</p>\r\n</li>\r\n<li style=\"font-family: \'comic sans ms\', sans-serif;\">\r\n<p class=\"ds-markdown-paragraph\">&nbsp;</p>\r\n</li>\r\n<li style=\"font-family: \'comic sans ms\', sans-serif;\">\r\n<p class=\"ds-markdown-paragraph\"><span style=\"font-family: \'comic sans ms\', sans-serif;\"><strong>&iexcl;Haz clic en \"Generar\" otra vez!</strong>&nbsp;WHISK crear&aacute; una versi&oacute;n mejorada.</span></p>\r\n</li>\r\n</ol>\r\n<hr>\r\n<h3><span style=\"font-family: \'comic sans ms\', sans-serif;\"><strong>&nbsp;Actividad: \"El Before &amp; After con WHISK\"</strong></span></h3>\r\n<p class=\"ds-markdown-paragraph\"><span style=\"font-family: \'comic sans ms\', sans-serif;\"><strong>Instrucciones</strong>:</span></p>\r\n<ol start=\"1\">\r\n<li style=\"font-family: \'comic sans ms\', sans-serif;\">\r\n<p class=\"ds-markdown-paragraph\"><span style=\"font-family: \'comic sans ms\', sans-serif;\"><strong>Cada ni&ntilde;o genera una imagen simple</strong>&nbsp;(ej:&nbsp;<em>\"un gato en una ciudad\"</em>).</span></p>\r\n</li>\r\n<li style=\"font-family: \'comic sans ms\', sans-serif;\">\r\n<p class=\"ds-markdown-paragraph\"><span style=\"font-family: \'comic sans ms\', sans-serif;\"><strong>Luego, escriben c&oacute;mo refinarla</strong>&nbsp;usando esta&nbsp;<strong>\"Gu&iacute;a de Detalles M&aacute;gicos\"</strong>:</span></p>\r\n</li>\r\n</ol>\r\n<div class=\"markdown-table-wrapper\">\r\n<table>\r\n<thead>\r\n<tr>\r\n<th><span style=\"font-family: \'comic sans ms\', sans-serif;\"><strong>&iquest;Qu&eacute; le falta?</strong></span></th>\r\n<th><span style=\"font-family: \'comic sans ms\', sans-serif;\"><strong>Detalle para Refinar</strong></span></th>\r\n</tr>\r\n</thead>\r\n<tbody>\r\n<tr>\r\n<td><span style=\"font-family: \'comic sans ms\', sans-serif;\"><strong>Colores</strong></span></td>\r\n<td><span style=\"font-family: \'comic sans ms\', sans-serif;\"><em>\"A&ntilde;ade un arco&iacute;ris y nubes rosadas\"</em></span></td>\r\n</tr>\r\n<tr>\r\n<td><span style=\"font-family: \'comic sans ms\', sans-serif;\"><strong>Personajes</strong></span></td>\r\n<td><span style=\"font-family: \'comic sans ms\', sans-serif;\"><em>\"Pon un p&aacute;jaro amigo del gato\"</em></span></td>\r\n</tr>\r\n<tr>\r\n<td><span style=\"font-family: \'comic sans ms\', sans-serif;\"><strong>Acci&oacute;n</strong></span></td>\r\n<td><span style=\"font-family: \'comic sans ms\', sans-serif;\"><em>\"El gato est&aacute; persiguiendo un helado volador\"</em></span></td>\r\n</tr>\r\n<tr>\r\n<td><span style=\"font-family: \'comic sans ms\', sans-serif;\"><strong>Fondo</strong></span></td>\r\n<td><span style=\"font-family: \'comic sans ms\', sans-serif;\"><em>\"Que la ciudad sea futurista con coches voladores\"</em></span></td>\r\n</tr>\r\n</tbody>\r\n</table>\r\n</div>\r\n<ol start=\"3\">\r\n<li style=\"font-family: \'comic sans ms\', sans-serif;\">\r\n<p class=\"ds-markdown-paragraph\"><span style=\"font-family: \'comic sans ms\', sans-serif;\"><strong>Comparan las dos im&aacute;genes</strong>&nbsp;y votan por la mejora m&aacute;s creativa.</span></p>\r\n</li>\r\n</ol>\r\n<hr>\r\n<h3><span style=\"font-family: \'comic sans ms\', sans-serif;\"><strong>&nbsp;Tips para Refinar como un Experto</strong></span></h3>\r\n<ol start=\"1\">\r\n<li style=\"font-family: \'comic sans ms\', sans-serif;\">\r\n<p class=\"ds-markdown-paragraph\"><span style=\"font-family: \'comic sans ms\', sans-serif;\"><strong>S&eacute; claro</strong>: Usa palabras sencillas (WHISK no entiende frases muy largas).</span></p>\r\n</li>\r\n<li style=\"font-family: \'comic sans ms\', sans-serif;\">\r\n<p class=\"ds-markdown-paragraph\"><span style=\"font-family: \'comic sans ms\', sans-serif;\"><strong>Poco a poco</strong>: No pidas 10 cambios a la vez. Mejor:&nbsp;<em>\"Primer refine: a&ntilde;ade un sol. Segundo refine: pon un r&iacute;o\"</em>.</span></p>\r\n</li>\r\n<li style=\"font-family: \'comic sans ms\', sans-serif;\">\r\n<p class=\"ds-markdown-paragraph\"><span style=\"font-family: \'comic sans ms\', sans-serif;\"><strong>Experimenta</strong>: Prueba estilos diferentes (ej:&nbsp;<em>\"ahora en estilo acuarela\"</em>).</span></p>\r\n</li>\r\n</ol>\r\n<hr>\r\n<h3><span style=\"font-family: \'comic sans ms\', sans-serif;\"><strong>&nbsp;Reto: \"La Imagen Imposible\"</strong></span></h3>\r\n<p class=\"ds-markdown-paragraph\"><span style=\"font-family: \'comic sans ms\', sans-serif;\">El profesor da un&nbsp;<strong>\"tema loco\"</strong>&nbsp;(ej:&nbsp;<em>\"una sand&iacute;a que es tambi&eacute;n un cohete\"</em>).</span></p>\r\n<ul>\r\n<li style=\"font-family: \'comic sans ms\', sans-serif;\">\r\n<p class=\"ds-markdown-paragraph\"><span style=\"font-family: \'comic sans ms\', sans-serif;\"><strong>Primera versi&oacute;n</strong>: La generan con un prompt simple.</span></p>\r\n</li>\r\n<li style=\"font-family: \'comic sans ms\', sans-serif;\">\r\n<p class=\"ds-markdown-paragraph\"><span style=\"font-family: \'comic sans ms\', sans-serif;\"><strong>Refinan 2 veces</strong>: A&ntilde;adiendo detalles graciosos (ej:&nbsp;<em>\"con aliens de fruta dentro\"</em>).</span></p>\r\n</li>\r\n<li style=\"font-family: \'comic sans ms\', sans-serif;\">\r\n<p class=\"ds-markdown-paragraph\"><span style=\"font-family: \'comic sans ms\', sans-serif;\"><strong>Gana</strong> quien logre la imagen m&aacute;s original.</span></p>\r\n</li>\r\n</ul>', 6);
INSERT INTO `capitulos` (`id`, `titulo`, `contenido`, `curso_id`) VALUES
(16, 'Capitulo 4: Combina Deepseek con otras IA', '<p class=\"ds-markdown-paragraph\"><span style=\"font-family: \'comic sans ms\', sans-serif;\"><strong>&iexcl;Hola, exploradores de IA!</strong>&nbsp;</span><br><span style=\"font-family: \'comic sans ms\', sans-serif;\">Hoy aprenderemos a combinar&nbsp;<strong>DeepSeek</strong>&nbsp; con otras inteligencias artificiales <strong>para crear dibujos, m&uacute;sica, historias y m&aacute;s</strong>. &iquest;Listos para ser&nbsp;<strong>equipo de supercreativos</strong>?</span></p>\r\n<hr>\r\n<h2><span style=\"font-family: \'comic sans ms\', sans-serif;\"><strong>&nbsp;Misi&oacute;n 1: DeepSeek + IA de Dibujo = &iexcl;Arte M&aacute;gico!</strong></span></h2>\r\n<h3><span style=\"font-family: \'comic sans ms\', sans-serif;\"><strong>Paso 1: Describamos algo incre&iacute;ble</strong></span></h3>\r\n<p class=\"ds-markdown-paragraph\"><span style=\"font-family: \'comic sans ms\', sans-serif;\">P&iacute;danme que les ayude a imaginar algo&nbsp;<strong>&iexcl;nunca antes visto!</strong>. Por ejemplo:</span></p>\r\n<blockquote>\r\n<p class=\"ds-markdown-paragraph\"><span style=\"font-family: \'comic sans ms\', sans-serif;\"><em>\"DeepSeek, inv&eacute;ntame un animal fant&aacute;stico para dibujar. Que tenga 3 caracter&iacute;sticas locas.\"</em></span></p>\r\n</blockquote>\r\n<p class=\"ds-markdown-paragraph\"><span style=\"font-family: \'comic sans ms\', sans-serif;\"><strong>Yo responder&eacute; algo como</strong>:</span><br><span style=\"font-family: \'comic sans ms\', sans-serif;\">*\"&iexcl;Claro! Imagina un&nbsp;<strong>\'Tortugal&aacute;ctico\'</strong>:</span></p>\r\n<ol start=\"1\">\r\n<li style=\"font-family: \'comic sans ms\', sans-serif;\">\r\n<p class=\"ds-markdown-paragraph\"><span style=\"font-family: \'comic sans ms\', sans-serif;\">Caparaz&oacute;n de cristal con estrellas dentro.</span></p>\r\n</li>\r\n<li style=\"font-family: \'comic sans ms\', sans-serif;\">\r\n<p class=\"ds-markdown-paragraph\"><span style=\"font-family: \'comic sans ms\', sans-serif;\">Patas de pulpo que brillan en la oscuridad.</span></p>\r\n</li>\r\n<li style=\"font-family: \'comic sans ms\', sans-serif;\">\r\n<p class=\"ds-markdown-paragraph\"><span style=\"font-family: \'comic sans ms\', sans-serif;\">&iexcl;Un rayo l&aacute;ser que lanza arco&iacute;ris!\"*</span></p>\r\n</li>\r\n</ol>\r\n<h3><span style=\"font-family: \'comic sans ms\', sans-serif;\"><strong>Paso 2: &iexcl;A dibujar!</strong></span></h3>\r\n<p class=\"ds-markdown-paragraph\"><span style=\"font-family: \'comic sans ms\', sans-serif;\">Ahora usen una IA de dibujo como&nbsp;<strong><a href=\"https://www.bing.com/create\" target=\"_blank\" rel=\"noopener noreferrer\">Bing Image Creator</a></strong>&nbsp;o&nbsp;<strong><a href=\"https://www.craiyon.com/\" target=\"_blank\" rel=\"noopener noreferrer\">Craiyon</a></strong>. Copien mi descripci&oacute;n y p&oacute;nganla ah&iacute;.</span></p>\r\n<p class=\"ds-markdown-paragraph\"><span style=\"font-family: \'comic sans ms\', sans-serif;\">&nbsp;<strong>Reto</strong>: &iquest;Qui&eacute;n logra el dibujo m&aacute;s divertido? &iexcl;Suban sus creaciones a un mural de la clase!</span></p>\r\n<hr>\r\n<h2><span style=\"font-family: \'comic sans ms\', sans-serif;\"><strong>&nbsp;Misi&oacute;n 2: DeepSeek + IA de M&uacute;sica = &iexcl;Himno de Clase!</strong></span></h2>\r\n<h3><span style=\"font-family: \'comic sans ms\', sans-serif;\"><strong>Paso 1: Hagamos una letra</strong></span></h3>\r\n<p class=\"ds-markdown-paragraph\"><span style=\"font-family: \'comic sans ms\', sans-serif;\">P&iacute;danme una canci&oacute;n sobre&nbsp;<strong>su tema favorito</strong>&nbsp;(ej: dinosaurios, el espacio, f&uacute;tbol).</span></p>\r\n<blockquote>\r\n<p class=\"ds-markdown-paragraph\"><span style=\"font-family: \'comic sans ms\', sans-serif;\"><em>\"DeepSeek, escribe una letra corta para una canci&oacute;n sobre robots que van al colegio.\"</em></span></p>\r\n</blockquote>\r\n<p class=\"ds-markdown-paragraph\"><span style=\"font-family: \'comic sans ms\', sans-serif;\"><strong>Yo dir&eacute; algo como</strong>:</span><br><span style=\"font-family: \'comic sans ms\', sans-serif;\"><em>(Estribillo)</em></span><br><span style=\"font-family: \'comic sans ms\', sans-serif;\"><em>\"Somos robots, &iexcl;bip, bop, bien!<br>Aprendemos matem&aacute;ticas tambi&eacute;n.<br>Con bater&iacute;as y mucho amor,<br>&iexcl;La escuela es nuestra mejor funci&oacute;n!\"</em></span></p>\r\n<h3><span style=\"font-family: \'comic sans ms\', sans-serif;\"><strong>Paso 2: &iexcl;A musicalizar!</strong></span></h3>\r\n<p class=\"ds-markdown-paragraph\"><span style=\"font-family: \'comic sans ms\', sans-serif;\">Vayan a&nbsp;<strong><a href=\"https://boomy.com/\" target=\"_blank\" rel=\"noopener noreferrer\">Boomy</a></strong>&nbsp;o&nbsp;<strong><a href=\"https://soundraw.io/\" target=\"_blank\" rel=\"noopener noreferrer\">Soundraw</a></strong>, graben su voz o usen beats autom&aacute;ticos.</span></p>\r\n<p class=\"ds-markdown-paragraph\"><span style=\"font-family: \'comic sans ms\', sans-serif;\">&nbsp;<strong>Reto</strong>: &iquest;Pueden cantarla en equipo? &iexcl;Graben un video!</span></p>\r\n<hr>\r\n<h2><span style=\"font-family: \'comic sans ms\', sans-serif;\"><strong>&nbsp;Misi&oacute;n 3: DeepSeek + IA de Historias = &iexcl;Cuento Colaborativo!</strong></span></h2>\r\n<h3><span style=\"font-family: \'comic sans ms\', sans-serif;\"><strong>Paso 1: Comencemos una aventura</strong></span></h3>\r\n<p class=\"ds-markdown-paragraph\"><span style=\"font-family: \'comic sans ms\', sans-serif;\">D&iacute;ganme c&oacute;mo empezar. Ejemplo:</span></p>\r\n<blockquote>\r\n<p class=\"ds-markdown-paragraph\"><span style=\"font-family: \'comic sans ms\', sans-serif;\"><em>\"DeepSeek, escribe el primer p&aacute;rrafo de un cuento sobre un ni&ntilde;o que encuentra un portal a un mundo de dulces.\"</em></span></p>\r\n</blockquote>\r\n<p class=\"ds-markdown-paragraph\"><span style=\"font-family: \'comic sans ms\', sans-serif;\"><strong>Yo inventar&eacute;</strong>:</span><br><span style=\"font-family: \'comic sans ms\', sans-serif;\"><em>\"Luis abri&oacute; la puerta del armario y... &iexcl;ohhhh! En vez de su abrigo, hab&iacute;a un t&uacute;nel hecho de algod&oacute;n de az&uacute;car. Al tocarlo, sus dedos quedaron pegajosos, pero sinti&oacute; un olor a chocolate que lo hizo saltar dentro sin pensarlo.\"</em></span></p>\r\n<h3><span style=\"font-family: \'comic sans ms\', sans-serif;\"><strong>Paso 2: Contin&uacute;en la historia</strong></span></h3>\r\n<p class=\"ds-markdown-paragraph\"><span style=\"font-family: \'comic sans ms\', sans-serif;\">Usen&nbsp;<strong><a href=\"https://www.storyjumper.com/\" target=\"_blank\" rel=\"noopener noreferrer\">StoryJumper</a></strong>&nbsp;para a&ntilde;adir dibujos y texto.</span></p>\r\n<p class=\"ds-markdown-paragraph\"><span style=\"font-family: \'comic sans ms\', sans-serif;\">&nbsp;<strong>Reto</strong>: &iquest;Qu&eacute; pasa despu&eacute;s? &iexcl;Cada alumno escribe un p&aacute;rrafo!</span></p>\r\n<hr>\r\n<ol start=\"1\">\r\n<li style=\"font-family: \'comic sans ms\', sans-serif;\"><strong>Paso 2: &iexcl;Personal&iacute;cenlo!</strong></li>\r\n</ol>\r\n<p class=\"ds-markdown-paragraph\"><span style=\"font-family: \'comic sans ms\', sans-serif;\">&nbsp;&iquest;Qu&eacute; pasa si el gato atrapa estrellas en vez de esquivar? &iexcl;Preg&uacute;ntenme c&oacute;mo cambiarlo!</span></p>\r\n<hr>\r\n<h2><span style=\"font-family: \'comic sans ms\', sans-serif;\"><strong>&nbsp;Reto Final: &iexcl;Proyecto \"SuperIA\"!</strong></span></h2>\r\n<p class=\"ds-markdown-paragraph\"><span style=\"font-family: \'comic sans ms\', sans-serif;\"><strong>Instrucciones</strong>:</span></p>\r\n<ol start=\"1\">\r\n<li style=\"font-family: \'comic sans ms\', sans-serif;\">\r\n<p class=\"ds-markdown-paragraph\"><span style=\"font-family: \'comic sans ms\', sans-serif;\"><strong>Elijan un tema</strong>&nbsp;(ej: \"una ciudad bajo el mar\").</span></p>\r\n</li>\r\n<li style=\"font-family: \'comic sans ms\', sans-serif;\">\r\n<p class=\"ds-markdown-paragraph\"><span style=\"font-family: \'comic sans ms\', sans-serif;\"><strong>Usen DeepSeek para</strong>:</span></p>\r\n<ul>\r\n<li style=\"font-family: \'comic sans ms\', sans-serif;\">\r\n<p class=\"ds-markdown-paragraph\"><span style=\"font-family: \'comic sans ms\', sans-serif;\">Describirla.</span></p>\r\n</li>\r\n<li style=\"font-family: \'comic sans ms\', sans-serif;\">\r\n<p class=\"ds-markdown-paragraph\"><span style=\"font-family: \'comic sans ms\', sans-serif;\">Crear un eslogan.</span></p>\r\n</li>\r\n<li style=\"font-family: \'comic sans ms\', sans-serif;\">\r\n<p class=\"ds-markdown-paragraph\"><span style=\"font-family: \'comic sans ms\', sans-serif;\">Inventar un personaje.</span></p>\r\n</li>\r\n</ul>\r\n</li>\r\n<li style=\"font-family: \'comic sans ms\', sans-serif;\">\r\n<p class=\"ds-markdown-paragraph\"><span style=\"font-family: \'comic sans ms\', sans-serif;\"><strong>Comb&iacute;nenlo en</strong>:</span></p>\r\n<ul>\r\n<li style=\"font-family: \'comic sans ms\', sans-serif;\">\r\n<p class=\"ds-markdown-paragraph\"><span style=\"font-family: \'comic sans ms\', sans-serif;\">Un dibujo (IA de im&aacute;genes).</span></p>\r\n</li>\r\n<li style=\"font-family: \'comic sans ms\', sans-serif;\">\r\n<p class=\"ds-markdown-paragraph\"><span style=\"font-family: \'comic sans ms\', sans-serif;\">Una canci&oacute;n o audio (IA de m&uacute;sica).</span></p>\r\n</li>\r\n<li style=\"font-family: \'comic sans ms\', sans-serif;\">\r\n<p class=\"ds-markdown-paragraph\"><span style=\"font-family: \'comic sans ms\', sans-serif;\">Una historia corta (IA de texto).</span></p>\r\n</li>\r\n</ul>\r\n</li>\r\n</ol>', 2);

-- --------------------------------------------------------

--
-- Estructura de tabla para la tabla `courses`
--

CREATE TABLE `courses` (
  `id` int(11) NOT NULL,
  `title` varchar(255) NOT NULL,
  `image_url` varchar(255) DEFAULT NULL,
  `external_url` varchar(255) DEFAULT NULL,
  `description` text DEFAULT NULL,
  `created_at` timestamp NOT NULL DEFAULT current_timestamp(),
  `updated_at` timestamp NOT NULL DEFAULT current_timestamp() ON UPDATE current_timestamp(),
  `active` tinyint(1) DEFAULT 1
) ENGINE=InnoDB DEFAULT CHARSET=utf8mb4 COLLATE=utf8mb4_general_ci;

--
-- Volcado de datos para la tabla `courses`
--

INSERT INTO `courses` (`id`, `title`, `image_url`, `external_url`, `description`, `created_at`, `updated_at`, `active`) VALUES
(1, 'Gamma IA', 'img/courses/gamma.png', 'https://gamma.app', 'Curso sobre la inteligencia artificial gamma para presentaciones de powerpoint', '2025-04-01 22:54:13', '2025-05-09 11:24:53', 1),
(2, 'Deepseek ', 'img/courses/deepseek.png', 'https://chat.deepseek.com', 'IA chatbot para poder hablar preguntarle cosas varias hacer resúmenes análisis y entre otras cosas investigar la mayoría de las cosas que existen en internet una alternativa totalmente gratuita a chatgpt de uso libre e ilimitado sin embargo menos poderosa ', '2025-05-16 19:32:11', '2025-05-16 19:32:11', 1),
(6, 'Whisk IA', 'img/courses/whisk.jpg', 'https://labs.google/fx/tools/whisk', 'Descubre el poder de Whisk, la inteligencia artificial especializada en generación de imágenes. En este curso, aprenderás a crear ilustraciones, diseños y arte digital de manera rápida y profesional usando comandos de texto (prompts) avanzados. Ideal para artistas, diseñadores, marketers y entusiastas de la IA.', '2025-06-30 16:05:09', '2025-06-30 21:40:17', 1);

-- --------------------------------------------------------

--
-- Estructura de tabla para la tabla `cursos`
--

CREATE TABLE `cursos` (
  `id` bigint(20) NOT NULL,
  `titulo` varchar(255) NOT NULL,
  `descripcion` text DEFAULT NULL,
  `profesor_id` bigint(20) DEFAULT NULL
) ENGINE=InnoDB DEFAULT CHARSET=utf8mb4 COLLATE=utf8mb4_general_ci;

-- --------------------------------------------------------

--
-- Estructura de tabla para la tabla `examenes`
--

CREATE TABLE `examenes` (
  `id` int(11) NOT NULL,
  `capitulo_id` bigint(20) NOT NULL,
  `titulo` varchar(255) NOT NULL,
  `descripcion` text DEFAULT NULL,
  `tiempo_limite` int(11) DEFAULT 0,
  `created_at` timestamp NOT NULL DEFAULT current_timestamp(),
  `updated_at` timestamp NOT NULL DEFAULT current_timestamp() ON UPDATE current_timestamp()
) ENGINE=InnoDB DEFAULT CHARSET=utf8mb4 COLLATE=utf8mb4_general_ci;

--
-- Volcado de datos para la tabla `examenes`
--

INSERT INTO `examenes` (`id`, `capitulo_id`, `titulo`, `descripcion`, `tiempo_limite`, `created_at`, `updated_at`) VALUES
(1, 4, 'Que es gamma', '', 0, '2025-04-10 21:58:07', '2025-04-10 21:58:07');

-- --------------------------------------------------------

--
-- Estructura de tabla para la tabla `metricas_usuarios`
--

CREATE TABLE `metricas_usuarios` (
  `id` bigint(20) NOT NULL,
  `usuario_id` bigint(20) DEFAULT NULL,
  `curso_id` bigint(20) DEFAULT NULL,
  `capitulos_completados` int(11) DEFAULT 0,
  `puntuacion_promedio` decimal(5,2) DEFAULT 0.00
) ENGINE=InnoDB DEFAULT CHARSET=utf8mb4 COLLATE=utf8mb4_general_ci;

-- --------------------------------------------------------

--
-- Estructura de tabla para la tabla `opciones`
--

CREATE TABLE `opciones` (
  `id` int(11) NOT NULL,
  `pregunta_id` int(11) NOT NULL,
  `texto` text NOT NULL,
  `es_correcta` tinyint(1) DEFAULT 0,
  `created_at` timestamp NOT NULL DEFAULT current_timestamp(),
  `updated_at` timestamp NOT NULL DEFAULT current_timestamp() ON UPDATE current_timestamp()
) ENGINE=InnoDB DEFAULT CHARSET=utf8mb4 COLLATE=utf8mb4_general_ci;

--
-- Volcado de datos para la tabla `opciones`
--

INSERT INTO `opciones` (`id`, `pregunta_id`, `texto`, `es_correcta`, `created_at`, `updated_at`) VALUES
(1, 1, 'es una ganga', 0, '2025-04-10 21:59:14', '2025-04-10 21:59:14'),
(2, 1, 'es una ia para hacer presentaciones ', 1, '2025-04-10 21:59:31', '2025-04-10 21:59:31'),
(4, 2, 'un programa hecho por seres humano', 0, '2025-05-06 03:52:23', '2025-05-06 03:52:23'),
(5, 2, 'una ia para hacer presentaciones ', 1, '2025-05-06 03:52:46', '2025-05-06 03:52:46');

-- --------------------------------------------------------

--
-- Estructura de tabla para la tabla `preguntas`
--

CREATE TABLE `preguntas` (
  `id` int(11) NOT NULL,
  `examen_id` int(11) NOT NULL,
  `texto` text NOT NULL,
  `tipo` enum('opcion_multiple','verdadero_falso','respuesta_corta') DEFAULT 'opcion_multiple',
  `valor` int(11) DEFAULT 1,
  `created_at` timestamp NOT NULL DEFAULT current_timestamp(),
  `updated_at` timestamp NOT NULL DEFAULT current_timestamp() ON UPDATE current_timestamp()
) ENGINE=InnoDB DEFAULT CHARSET=utf8mb4 COLLATE=utf8mb4_general_ci;

--
-- Volcado de datos para la tabla `preguntas`
--

INSERT INTO `preguntas` (`id`, `examen_id`, `texto`, `tipo`, `valor`, `created_at`, `updated_at`) VALUES
(1, 1, 'Que es gamma ?', 'opcion_multiple', 1, '2025-04-10 21:58:44', '2025-04-10 21:58:44'),
(2, 1, 'Es gamma una ia o es algo programado por el mismo ser humano? ', 'opcion_multiple', 5, '2025-05-06 03:51:39', '2025-05-06 03:51:39');

-- --------------------------------------------------------

--
-- Estructura de tabla para la tabla `publicaciones`
--

CREATE TABLE `publicaciones` (
  `id` bigint(20) NOT NULL,
  `titulo` varchar(255) NOT NULL,
  `contenido` text DEFAULT NULL,
  `fecha_publicacion` timestamp NOT NULL DEFAULT current_timestamp(),
  `curso_id` bigint(20) DEFAULT NULL
) ENGINE=InnoDB DEFAULT CHARSET=utf8mb4 COLLATE=utf8mb4_general_ci;

-- --------------------------------------------------------

--
-- Estructura de tabla para la tabla `respuestas_usuarios`
--

CREATE TABLE `respuestas_usuarios` (
  `id` int(11) NOT NULL,
  `resultado_id` int(11) NOT NULL,
  `pregunta_id` int(11) NOT NULL,
  `opcion_id` int(11) DEFAULT NULL,
  `texto_respuesta` text DEFAULT NULL,
  `es_correcta` tinyint(1) DEFAULT 0,
  `created_at` timestamp NOT NULL DEFAULT current_timestamp(),
  `updated_at` timestamp NOT NULL DEFAULT current_timestamp() ON UPDATE current_timestamp()
) ENGINE=InnoDB DEFAULT CHARSET=utf8mb4 COLLATE=utf8mb4_general_ci;

--
-- Volcado de datos para la tabla `respuestas_usuarios`
--

INSERT INTO `respuestas_usuarios` (`id`, `resultado_id`, `pregunta_id`, `opcion_id`, `texto_respuesta`, `es_correcta`, `created_at`, `updated_at`) VALUES
(1, 3, 1, 2, NULL, 1, '2025-05-06 04:36:58', '2025-05-06 04:36:58'),
(2, 3, 2, 5, NULL, 1, '2025-05-06 04:36:58', '2025-05-06 04:36:58'),
(3, 4, 1, 2, NULL, 1, '2025-05-09 11:26:28', '2025-05-09 11:26:28'),
(4, 4, 2, 5, NULL, 1, '2025-05-09 11:26:28', '2025-05-09 11:26:28'),
(5, 5, 1, 1, NULL, 0, '2025-05-16 19:00:56', '2025-05-16 19:00:56'),
(6, 5, 2, 5, NULL, 1, '2025-05-16 19:00:56', '2025-05-16 19:00:56'),
(7, 6, 1, 1, NULL, 0, '2025-06-01 03:10:23', '2025-06-01 03:10:23'),
(8, 6, 2, 5, NULL, 1, '2025-06-01 03:10:23', '2025-06-01 03:10:23'),
(9, 7, 1, 2, NULL, 1, '2025-06-17 04:42:48', '2025-06-17 04:42:48'),
(10, 7, 2, 5, NULL, 1, '2025-06-17 04:42:48', '2025-06-17 04:42:48'),
(11, 8, 1, 2, NULL, 1, '2025-06-17 04:53:50', '2025-06-17 04:53:50'),
(12, 8, 2, 4, NULL, 0, '2025-06-17 04:53:50', '2025-06-17 04:53:50'),
(13, 9, 1, 2, NULL, 1, '2025-06-17 05:01:10', '2025-06-17 05:01:10'),
(14, 9, 2, 4, NULL, 0, '2025-06-17 05:01:10', '2025-06-17 05:01:10'),
(15, 10, 1, 1, NULL, 0, '2025-06-17 05:29:37', '2025-06-17 05:29:37'),
(16, 10, 2, 5, NULL, 1, '2025-06-17 05:29:37', '2025-06-17 05:29:37'),
(17, 11, 1, 2, NULL, 1, '2025-06-17 06:42:26', '2025-06-17 06:42:26'),
(18, 11, 2, 4, NULL, 0, '2025-06-17 06:42:26', '2025-06-17 06:42:26');

-- --------------------------------------------------------

--
-- Estructura de tabla para la tabla `resultados_examenes`
--

CREATE TABLE `resultados_examenes` (
  `id` int(11) NOT NULL,
  `usuario_id` bigint(20) NOT NULL,
  `examen_id` int(11) NOT NULL,
  `puntuacion` decimal(5,2) DEFAULT 0.00,
  `fecha_inicio` timestamp NOT NULL DEFAULT current_timestamp(),
  `fecha_fin` timestamp NULL DEFAULT NULL,
  `completado` tinyint(1) DEFAULT 0,
  `created_at` timestamp NOT NULL DEFAULT current_timestamp(),
  `updated_at` timestamp NOT NULL DEFAULT current_timestamp() ON UPDATE current_timestamp()
) ENGINE=InnoDB DEFAULT CHARSET=utf8mb4 COLLATE=utf8mb4_general_ci;

--
-- Volcado de datos para la tabla `resultados_examenes`
--

INSERT INTO `resultados_examenes` (`id`, `usuario_id`, `examen_id`, `puntuacion`, `fecha_inicio`, `fecha_fin`, `completado`, `created_at`, `updated_at`) VALUES
(3, 1, 1, 100.00, '2025-05-06 04:36:39', '2025-05-06 04:36:59', 1, '2025-05-06 04:36:39', '2025-05-06 04:36:59'),
(4, 1, 1, 100.00, '2025-05-06 04:38:44', '2025-05-09 11:26:28', 1, '2025-05-06 04:38:44', '2025-05-09 11:26:28'),
(5, 1, 1, 83.33, '2025-05-16 19:00:49', '2025-05-16 19:00:56', 1, '2025-05-16 19:00:49', '2025-05-16 19:00:56'),
(6, 2, 1, 83.33, '2025-06-01 03:10:23', '2025-06-01 03:10:23', 1, '2025-06-01 03:10:23', '2025-06-01 03:10:23'),
(7, 1, 1, 100.00, '2025-06-17 04:42:48', '2025-06-17 04:42:48', 1, '2025-06-17 04:42:48', '2025-06-17 04:42:48'),
(8, 1, 1, 16.67, '2025-06-17 04:53:50', '2025-06-17 04:53:50', 1, '2025-06-17 04:53:50', '2025-06-17 04:53:50'),
(9, 1, 1, 16.67, '2025-06-17 05:01:10', '2025-06-17 05:01:10', 1, '2025-06-17 05:01:10', '2025-06-17 05:01:10'),
(10, 1, 1, 83.33, '2025-06-17 05:29:36', '2025-06-17 05:29:37', 1, '2025-06-17 05:29:36', '2025-06-17 05:29:37'),
(11, 1, 1, 16.67, '2025-06-17 06:42:25', '2025-06-17 06:42:26', 1, '2025-06-17 06:42:25', '2025-06-17 06:42:26');

-- --------------------------------------------------------

--
-- Estructura de tabla para la tabla `tiempo_observacion`
--

CREATE TABLE `tiempo_observacion` (
  `id` bigint(20) NOT NULL,
  `usuario_id` bigint(20) DEFAULT NULL,
  `curso_id` bigint(20) DEFAULT NULL,
  `tiempo_total` time NOT NULL DEFAULT '00:00:00',
  `ultima_actividad` timestamp NOT NULL DEFAULT current_timestamp()
) ENGINE=InnoDB DEFAULT CHARSET=utf8mb4 COLLATE=utf8mb4_general_ci;

-- --------------------------------------------------------

--
-- Estructura de tabla para la tabla `usuarios`
--

CREATE TABLE `usuarios` (
  `id` bigint(20) NOT NULL,
  `nombre_usuario` varchar(255) NOT NULL,
  `contraseña` varchar(255) NOT NULL,
  `tipo_usuario` enum('estudiante','profesor') NOT NULL
) ENGINE=InnoDB DEFAULT CHARSET=utf8mb4 COLLATE=utf8mb4_general_ci;

--
-- Volcado de datos para la tabla `usuarios`
--

INSERT INTO `usuarios` (`id`, `nombre_usuario`, `contraseña`, `tipo_usuario`) VALUES
(1, 'sanctusrtx', 'scrypt:32768:8:1$MExR26FaqLhAGOOb$a5fa534c1d866969860f23a0b214502bd8e9796c0b8096fd7094f63636be17fac476ae44dc1e925f0425072ad220082e875cb3ba521ac2abb148df4cc5dd68ee', 'profesor'),
(2, 'admin_profesor', 'Admin2025!', 'profesor'),
(3, 'marco123', 'scrypt:32768:8:1$8ePmNXsDGioVPrOW$61463ff03b118ba2f32c3c1fa965ac2bce01c095f929c1855729f61bbc923d36d22353821bff5c36376a895c5d492cbb1b31119541d770226827ad45e390a1d1', 'estudiante');

--
-- Índices para tablas volcadas
--

--
-- Indices de la tabla `capitulos`
--
ALTER TABLE `capitulos`
  ADD PRIMARY KEY (`id`),
  ADD KEY `curso_id` (`curso_id`);

--
-- Indices de la tabla `courses`
--
ALTER TABLE `courses`
  ADD PRIMARY KEY (`id`);

--
-- Indices de la tabla `cursos`
--
ALTER TABLE `cursos`
  ADD PRIMARY KEY (`id`),
  ADD KEY `profesor_id` (`profesor_id`);

--
-- Indices de la tabla `examenes`
--
ALTER TABLE `examenes`
  ADD PRIMARY KEY (`id`),
  ADD KEY `capitulo_id` (`capitulo_id`);

--
-- Indices de la tabla `metricas_usuarios`
--
ALTER TABLE `metricas_usuarios`
  ADD PRIMARY KEY (`id`),
  ADD KEY `usuario_id` (`usuario_id`),
  ADD KEY `curso_id` (`curso_id`);

--
-- Indices de la tabla `opciones`
--
ALTER TABLE `opciones`
  ADD PRIMARY KEY (`id`),
  ADD KEY `pregunta_id` (`pregunta_id`);

--
-- Indices de la tabla `preguntas`
--
ALTER TABLE `preguntas`
  ADD PRIMARY KEY (`id`),
  ADD KEY `examen_id` (`examen_id`);

--
-- Indices de la tabla `publicaciones`
--
ALTER TABLE `publicaciones`
  ADD PRIMARY KEY (`id`),
  ADD KEY `curso_id` (`curso_id`);

--
-- Indices de la tabla `respuestas_usuarios`
--
ALTER TABLE `respuestas_usuarios`
  ADD PRIMARY KEY (`id`),
  ADD KEY `resultado_id` (`resultado_id`),
  ADD KEY `pregunta_id` (`pregunta_id`),
  ADD KEY `opcion_id` (`opcion_id`);

--
-- Indices de la tabla `resultados_examenes`
--
ALTER TABLE `resultados_examenes`
  ADD PRIMARY KEY (`id`),
  ADD KEY `usuario_id` (`usuario_id`),
  ADD KEY `examen_id` (`examen_id`);

--
-- Indices de la tabla `tiempo_observacion`
--
ALTER TABLE `tiempo_observacion`
  ADD PRIMARY KEY (`id`),
  ADD KEY `usuario_id` (`usuario_id`),
  ADD KEY `curso_id` (`curso_id`);

--
-- Indices de la tabla `usuarios`
--
ALTER TABLE `usuarios`
  ADD PRIMARY KEY (`id`),
  ADD UNIQUE KEY `nombre_usuario` (`nombre_usuario`);

--
-- AUTO_INCREMENT de las tablas volcadas
--

--
-- AUTO_INCREMENT de la tabla `capitulos`
--
ALTER TABLE `capitulos`
  MODIFY `id` bigint(20) NOT NULL AUTO_INCREMENT, AUTO_INCREMENT=17;

--
-- AUTO_INCREMENT de la tabla `courses`
--
ALTER TABLE `courses`
  MODIFY `id` int(11) NOT NULL AUTO_INCREMENT, AUTO_INCREMENT=7;

--
-- AUTO_INCREMENT de la tabla `cursos`
--
ALTER TABLE `cursos`
  MODIFY `id` bigint(20) NOT NULL AUTO_INCREMENT;

--
-- AUTO_INCREMENT de la tabla `examenes`
--
ALTER TABLE `examenes`
  MODIFY `id` int(11) NOT NULL AUTO_INCREMENT, AUTO_INCREMENT=2;

--
-- AUTO_INCREMENT de la tabla `metricas_usuarios`
--
ALTER TABLE `metricas_usuarios`
  MODIFY `id` bigint(20) NOT NULL AUTO_INCREMENT;

--
-- AUTO_INCREMENT de la tabla `opciones`
--
ALTER TABLE `opciones`
  MODIFY `id` int(11) NOT NULL AUTO_INCREMENT, AUTO_INCREMENT=6;

--
-- AUTO_INCREMENT de la tabla `preguntas`
--
ALTER TABLE `preguntas`
  MODIFY `id` int(11) NOT NULL AUTO_INCREMENT, AUTO_INCREMENT=3;

--
-- AUTO_INCREMENT de la tabla `publicaciones`
--
ALTER TABLE `publicaciones`
  MODIFY `id` bigint(20) NOT NULL AUTO_INCREMENT;

--
-- AUTO_INCREMENT de la tabla `respuestas_usuarios`
--
ALTER TABLE `respuestas_usuarios`
  MODIFY `id` int(11) NOT NULL AUTO_INCREMENT, AUTO_INCREMENT=19;

--
-- AUTO_INCREMENT de la tabla `resultados_examenes`
--
ALTER TABLE `resultados_examenes`
  MODIFY `id` int(11) NOT NULL AUTO_INCREMENT, AUTO_INCREMENT=12;

--
-- AUTO_INCREMENT de la tabla `tiempo_observacion`
--
ALTER TABLE `tiempo_observacion`
  MODIFY `id` bigint(20) NOT NULL AUTO_INCREMENT;

--
-- AUTO_INCREMENT de la tabla `usuarios`
--
ALTER TABLE `usuarios`
  MODIFY `id` bigint(20) NOT NULL AUTO_INCREMENT, AUTO_INCREMENT=4;

--
-- Restricciones para tablas volcadas
--

--
-- Filtros para la tabla `cursos`
--
ALTER TABLE `cursos`
  ADD CONSTRAINT `cursos_ibfk_1` FOREIGN KEY (`profesor_id`) REFERENCES `usuarios` (`id`) ON DELETE SET NULL;

--
-- Filtros para la tabla `examenes`
--
ALTER TABLE `examenes`
  ADD CONSTRAINT `examenes_ibfk_1` FOREIGN KEY (`capitulo_id`) REFERENCES `capitulos` (`id`) ON DELETE CASCADE;

--
-- Filtros para la tabla `metricas_usuarios`
--
ALTER TABLE `metricas_usuarios`
  ADD CONSTRAINT `metricas_usuarios_ibfk_1` FOREIGN KEY (`usuario_id`) REFERENCES `usuarios` (`id`) ON DELETE CASCADE,
  ADD CONSTRAINT `metricas_usuarios_ibfk_2` FOREIGN KEY (`curso_id`) REFERENCES `cursos` (`id`) ON DELETE CASCADE;

--
-- Filtros para la tabla `opciones`
--
ALTER TABLE `opciones`
  ADD CONSTRAINT `opciones_ibfk_1` FOREIGN KEY (`pregunta_id`) REFERENCES `preguntas` (`id`) ON DELETE CASCADE;

--
-- Filtros para la tabla `preguntas`
--
ALTER TABLE `preguntas`
  ADD CONSTRAINT `preguntas_ibfk_1` FOREIGN KEY (`examen_id`) REFERENCES `examenes` (`id`) ON DELETE CASCADE;

--
-- Filtros para la tabla `publicaciones`
--
ALTER TABLE `publicaciones`
  ADD CONSTRAINT `publicaciones_ibfk_1` FOREIGN KEY (`curso_id`) REFERENCES `cursos` (`id`) ON DELETE CASCADE;

--
-- Filtros para la tabla `respuestas_usuarios`
--
ALTER TABLE `respuestas_usuarios`
  ADD CONSTRAINT `respuestas_usuarios_ibfk_1` FOREIGN KEY (`resultado_id`) REFERENCES `resultados_examenes` (`id`) ON DELETE CASCADE,
  ADD CONSTRAINT `respuestas_usuarios_ibfk_2` FOREIGN KEY (`pregunta_id`) REFERENCES `preguntas` (`id`) ON DELETE CASCADE,
  ADD CONSTRAINT `respuestas_usuarios_ibfk_3` FOREIGN KEY (`opcion_id`) REFERENCES `opciones` (`id`) ON DELETE SET NULL;

--
-- Filtros para la tabla `resultados_examenes`
--
ALTER TABLE `resultados_examenes`
  ADD CONSTRAINT `resultados_examenes_ibfk_1` FOREIGN KEY (`usuario_id`) REFERENCES `usuarios` (`id`) ON DELETE CASCADE,
  ADD CONSTRAINT `resultados_examenes_ibfk_2` FOREIGN KEY (`examen_id`) REFERENCES `examenes` (`id`) ON DELETE CASCADE;

--
-- Filtros para la tabla `tiempo_observacion`
--
ALTER TABLE `tiempo_observacion`
  ADD CONSTRAINT `tiempo_observacion_ibfk_1` FOREIGN KEY (`usuario_id`) REFERENCES `usuarios` (`id`) ON DELETE CASCADE,
  ADD CONSTRAINT `tiempo_observacion_ibfk_2` FOREIGN KEY (`curso_id`) REFERENCES `cursos` (`id`) ON DELETE CASCADE;
COMMIT;

/*!40101 SET CHARACTER_SET_CLIENT=@OLD_CHARACTER_SET_CLIENT */;
/*!40101 SET CHARACTER_SET_RESULTS=@OLD_CHARACTER_SET_RESULTS */;
/*!40101 SET COLLATION_CONNECTION=@OLD_COLLATION_CONNECTION */;
